0 verbose cli C:\Program Files\nodejs\node.exe C:\Program Files\nodejs\node_modules\npm\bin\npm-cli.js
1 info using npm@11.12.1
2 info using node@v24.15.0
3 silly config load:file:C:\Program Files\nodejs\node_modules\npm\npmrc
4 silly config load:file:C:\Users\hye4e\Downloads\create-quize-main\create-quize-main\.npmrc
5 silly config load:file:C:\Users\hye4e\.npmrc
6 silly config load:file:C:\Users\hye4e\AppData\Roaming\npm\etc\npmrc
7 verbose title npm install
8 verbose argv "install" "--cache" ".npm-cache"
9 verbose logfile logs-max:10 dir:C:\Users\hye4e\Downloads\create-quize-main\create-quize-main\.npm-cache\_logs\2026-05-14T10_38_44_712Z-
10 verbose logfile C:\Users\hye4e\Downloads\create-quize-main\create-quize-main\.npm-cache\_logs\2026-05-14T10_38_44_712Z-debug-0.log
11 silly logfile done cleaning log files
12 silly packumentCache heap:4496293888 maxSize:1124073472 maxEntrySize:562036736
13 silly idealTree buildDeps
14 silly reify mark retired [
14 silly reify   'C:\\Users\\hye4e\\Downloads\\create-quize-main\\create-quize-main\\node_modules\\acorn'
14 silly reify ]
15 silly reify mark retired [
15 silly reify   'C:\\Users\\hye4e\\Downloads\\create-quize-main\\create-quize-main\\node_modules\\acorn-jsx'
15 silly reify ]
16 silly reify mark retired [
16 silly reify   'C:\\Users\\hye4e\\Downloads\\create-quize-main\\create-quize-main\\node_modules\\ajv'
16 silly reify ]
17 silly reify mark retired [
17 silly reify   'C:\\Users\\hye4e\\Downloads\\create-quize-main\\create-quize-main\\node_modules\\ansi-styles'
17 silly reify ]
18 silly reify mark retired [
18 silly reify   'C:\\Users\\hye4e\\Downloads\\create-quize-main\\create-quize-main\\node_modules\\argparse'
18 silly reify ]
19 silly reify mark retired [
19 silly reify   'C:\\Users\\hye4e\\Downloads\\create-quize-main\\create-quize-main\\node_modules\\aria-query'
19 silly reify ]
20 silly reify mark retired [
20 silly reify   'C:\\Users\\hye4e\\Downloads\\create-quize-main\\create-quize-main\\node_modules\\array-buffer-byte-length'
20 silly reify ]
21 silly reify mark retired [
21 silly reify   'C:\\Users\\hye4e\\Downloads\\create-quize-main\\create-quize-main\\node_modules\\array.prototype.findlast'
21 silly reify ]
22 silly reify mark retired [
22 silly reify   'C:\\Users\\hye4e\\Downloads\\create-quize-main\\create-quize-main\\node_modules\\array-includes'
22 silly reify ]
23 silly reify mark retired [
23 silly reify   'C:\\Users\\hye4e\\Downloads\\create-quize-main\\create-quize-main\\node_modules\\array.prototype.findlastindex'
23 silly reify ]
24 silly reify mark retired [
24 silly reify   'C:\\Users\\hye4e\\Downloads\\create-quize-main\\create-quize-main\\node_modules\\array.prototype.flat'
24 silly reify ]
25 silly reify mark retired [
25 silly reify   'C:\\Users\\hye4e\\Downloads\\create-quize-main\\create-quize-main\\node_modules\\array.prototype.tosorted'
25 silly reify ]
26 silly reify mark retired [
26 silly reify   'C:\\Users\\hye4e\\Downloads\\create-quize-main\\create-quize-main\\node_modules\\arraybuffer.prototype.slice'
26 silly reify ]
27 silly reify mark retired [
27 silly reify   'C:\\Users\\hye4e\\Downloads\\create-quize-main\\create-quize-main\\node_modules\\async-function'
27 silly reify ]
28 silly reify mark retired [
28 silly reify   'C:\\Users\\hye4e\\Downloads\\create-quize-main\\create-quize-main\\node_modules\\ast-types-flow'
28 silly reify ]
29 silly reify mark retired [
29 silly reify   'C:\\Users\\hye4e\\Downloads\\create-quize-main\\create-quize-main\\node_modules\\available-typed-arrays'
29 silly reify ]
30 silly reify mark retired [
30 silly reify   'C:\\Users\\hye4e\\Downloads\\create-quize-main\\create-quize-main\\node_modules\\array.prototype.flatmap'
30 silly reify ]
31 silly reify mark retired [
31 silly reify   'C:\\Users\\hye4e\\Downloads\\create-quize-main\\create-quize-main\\node_modules\\axe-core'
31 silly reify ]
32 silly reify mark retired [
32 silly reify   'C:\\Users\\hye4e\\Downloads\\create-quize-main\\create-quize-main\\node_modules\\axobject-query'
32 silly reify ]
33 silly reify mark retired [
33 silly reify   'C:\\Users\\hye4e\\Downloads\\create-quize-main\\create-quize-main\\node_modules\\balanced-match'
33 silly reify ]
34 silly reify mark retired [
34 silly reify   'C:\\Users\\hye4e\\Downloads\\create-quize-main\\create-quize-main\\node_modules\\baseline-browser-mapping'
34 silly reify ]
35 silly reify mark retired [
35 silly reify   'C:\\Users\\hye4e\\Downloads\\create-quize-main\\create-quize-main\\node_modules\\brace-expansion'
35 silly reify ]
36 silly reify mark retired [
36 silly reify   'C:\\Users\\hye4e\\Downloads\\create-quize-main\\create-quize-main\\node_modules\\braces'
36 silly reify ]
37 silly reify mark retired [
37 silly reify   'C:\\Users\\hye4e\\Downloads\\create-quize-main\\create-quize-main\\node_modules\\browserslist'
37 silly reify ]
38 silly reify mark retired [
38 silly reify   'C:\\Users\\hye4e\\Downloads\\create-quize-main\\create-quize-main\\node_modules\\call-bind'
38 silly reify ]
39 silly reify mark retired [
39 silly reify   'C:\\Users\\hye4e\\Downloads\\create-quize-main\\create-quize-main\\node_modules\\call-bound'
39 silly reify ]
40 silly reify mark retired [
40 silly reify   'C:\\Users\\hye4e\\Downloads\\create-quize-main\\create-quize-main\\node_modules\\call-bind-apply-helpers'
40 silly reify ]
41 silly reify mark retired [
41 silly reify   'C:\\Users\\hye4e\\Downloads\\create-quize-main\\create-quize-main\\node_modules\\callsites'
41 silly reify ]
42 silly reify mark retired [
42 silly reify   'C:\\Users\\hye4e\\Downloads\\create-quize-main\\create-quize-main\\node_modules\\caniuse-lite'
42 silly reify ]
43 silly reify mark retired [
43 silly reify   'C:\\Users\\hye4e\\Downloads\\create-quize-main\\create-quize-main\\node_modules\\chalk'
43 silly reify ]
44 silly reify mark retired [
44 silly reify   'C:\\Users\\hye4e\\Downloads\\create-quize-main\\create-quize-main\\node_modules\\client-only'
44 silly reify ]
45 silly reify mark retired [
45 silly reify   'C:\\Users\\hye4e\\Downloads\\create-quize-main\\create-quize-main\\node_modules\\color-convert'
45 silly reify ]
46 silly reify mark retired [
46 silly reify   'C:\\Users\\hye4e\\Downloads\\create-quize-main\\create-quize-main\\node_modules\\color-name'
46 silly reify ]
47 silly reify mark retired [
47 silly reify   'C:\\Users\\hye4e\\Downloads\\create-quize-main\\create-quize-main\\node_modules\\concat-map'
47 silly reify ]
48 silly reify mark retired [
48 silly reify   'C:\\Users\\hye4e\\Downloads\\create-quize-main\\create-quize-main\\node_modules\\cross-spawn'
48 silly reify ]
49 silly reify mark retired [
49 silly reify   'C:\\Users\\hye4e\\Downloads\\create-quize-main\\create-quize-main\\node_modules\\convert-source-map'
49 silly reify ]
50 silly reify mark retired [
50 silly reify   'C:\\Users\\hye4e\\Downloads\\create-quize-main\\create-quize-main\\node_modules\\csstype'
50 silly reify ]
51 silly reify mark retired [
51 silly reify   'C:\\Users\\hye4e\\Downloads\\create-quize-main\\create-quize-main\\node_modules\\damerau-levenshtein'
51 silly reify ]
52 silly reify mark retired [
52 silly reify   'C:\\Users\\hye4e\\Downloads\\create-quize-main\\create-quize-main\\node_modules\\data-view-buffer'
52 silly reify ]
53 silly reify mark retired [
53 silly reify   'C:\\Users\\hye4e\\Downloads\\create-quize-main\\create-quize-main\\node_modules\\data-view-byte-length'
53 silly reify ]
54 silly reify mark retired [
54 silly reify   'C:\\Users\\hye4e\\Downloads\\create-quize-main\\create-quize-main\\node_modules\\data-view-byte-offset'
54 silly reify ]
55 silly reify mark retired [
55 silly reify   'C:\\Users\\hye4e\\Downloads\\create-quize-main\\create-quize-main\\node_modules\\debug'
55 silly reify ]
56 silly reify mark retired [
56 silly reify   'C:\\Users\\hye4e\\Downloads\\create-quize-main\\create-quize-main\\node_modules\\deep-is'
56 silly reify ]
57 silly reify mark retired [
57 silly reify   'C:\\Users\\hye4e\\Downloads\\create-quize-main\\create-quize-main\\node_modules\\define-data-property'
57 silly reify ]
58 silly reify mark retired [
58 silly reify   'C:\\Users\\hye4e\\Downloads\\create-quize-main\\create-quize-main\\node_modules\\define-properties'
58 silly reify ]
59 silly reify mark retired [
59 silly reify   'C:\\Users\\hye4e\\Downloads\\create-quize-main\\create-quize-main\\node_modules\\detect-libc'
59 silly reify ]
60 silly reify mark retired [
60 silly reify   'C:\\Users\\hye4e\\Downloads\\create-quize-main\\create-quize-main\\node_modules\\doctrine'
60 silly reify ]
61 silly reify mark retired [
61 silly reify   'C:\\Users\\hye4e\\Downloads\\create-quize-main\\create-quize-main\\node_modules\\electron-to-chromium'
61 silly reify ]
62 silly reify mark retired [
62 silly reify   'C:\\Users\\hye4e\\Downloads\\create-quize-main\\create-quize-main\\node_modules\\dunder-proto'
62 silly reify ]
63 silly reify mark retired [
63 silly reify   'C:\\Users\\hye4e\\Downloads\\create-quize-main\\create-quize-main\\node_modules\\enhanced-resolve'
63 silly reify ]
64 silly reify mark retired [
64 silly reify   'C:\\Users\\hye4e\\Downloads\\create-quize-main\\create-quize-main\\node_modules\\emoji-regex'
64 silly reify ]
65 silly reify mark retired [
65 silly reify   'C:\\Users\\hye4e\\Downloads\\create-quize-main\\create-quize-main\\node_modules\\es-abstract'
65 silly reify ]
66 silly reify mark retired [
66 silly reify   'C:\\Users\\hye4e\\Downloads\\create-quize-main\\create-quize-main\\node_modules\\es-errors'
66 silly reify ]
67 silly reify mark retired [
67 silly reify   'C:\\Users\\hye4e\\Downloads\\create-quize-main\\create-quize-main\\node_modules\\es-iterator-helpers'
67 silly reify ]
68 silly reify mark retired [
68 silly reify   'C:\\Users\\hye4e\\Downloads\\create-quize-main\\create-quize-main\\node_modules\\es-object-atoms'
68 silly reify ]
69 silly reify mark retired [
69 silly reify   'C:\\Users\\hye4e\\Downloads\\create-quize-main\\create-quize-main\\node_modules\\es-define-property'
69 silly reify ]
70 silly reify mark retired [
70 silly reify   'C:\\Users\\hye4e\\Downloads\\create-quize-main\\create-quize-main\\node_modules\\es-to-primitive'
70 silly reify ]
71 silly reify mark retired [
71 silly reify   'C:\\Users\\hye4e\\Downloads\\create-quize-main\\create-quize-main\\node_modules\\es-set-tostringtag'
71 silly reify ]
72 silly reify mark retired [
72 silly reify   'C:\\Users\\hye4e\\Downloads\\create-quize-main\\create-quize-main\\node_modules\\escalade'
72 silly reify ]
73 silly reify mark retired [
73 silly reify   'C:\\Users\\hye4e\\Downloads\\create-quize-main\\create-quize-main\\node_modules\\es-shim-unscopables'
73 silly reify ]
74 silly reify mark retired [
74 silly reify   'C:\\Users\\hye4e\\Downloads\\create-quize-main\\create-quize-main\\node_modules\\escape-string-regexp'
74 silly reify ]
75 silly reify mark retired [
75 silly reify   'C:\\Users\\hye4e\\Downloads\\create-quize-main\\create-quize-main\\node_modules\\eslint'
75 silly reify ]
76 silly reify mark retired [
76 silly reify   'C:\\Users\\hye4e\\Downloads\\create-quize-main\\create-quize-main\\node_modules\\eslint-config-next'
76 silly reify ]
77 silly reify mark retired [
77 silly reify   'C:\\Users\\hye4e\\Downloads\\create-quize-main\\create-quize-main\\node_modules\\eslint-import-resolver-node'
77 silly reify ]
78 silly reify mark retired [
78 silly reify   'C:\\Users\\hye4e\\Downloads\\create-quize-main\\create-quize-main\\node_modules\\eslint-import-resolver-typescript'
78 silly reify ]
79 silly reify mark retired [
79 silly reify   'C:\\Users\\hye4e\\Downloads\\create-quize-main\\create-quize-main\\node_modules\\eslint-module-utils'
79 silly reify ]
80 silly reify mark retired [
80 silly reify   'C:\\Users\\hye4e\\Downloads\\create-quize-main\\create-quize-main\\node_modules\\eslint-plugin-import'
80 silly reify ]
81 silly reify mark retired [
81 silly reify   'C:\\Users\\hye4e\\Downloads\\create-quize-main\\create-quize-main\\node_modules\\eslint-plugin-jsx-a11y'
81 silly reify ]
82 silly reify mark retired [
82 silly reify   'C:\\Users\\hye4e\\Downloads\\create-quize-main\\create-quize-main\\node_modules\\eslint-plugin-react'
82 silly reify ]
83 silly reify mark retired [
83 silly reify   'C:\\Users\\hye4e\\Downloads\\create-quize-main\\create-quize-main\\node_modules\\eslint-plugin-react-hooks'
83 silly reify ]
84 silly reify mark retired [
84 silly reify   'C:\\Users\\hye4e\\Downloads\\create-quize-main\\create-quize-main\\node_modules\\eslint-scope'
84 silly reify ]
85 silly reify mark retired [
85 silly reify   'C:\\Users\\hye4e\\Downloads\\create-quize-main\\create-quize-main\\node_modules\\eslint-visitor-keys'
85 silly reify ]
86 silly reify mark retired [
86 silly reify   'C:\\Users\\hye4e\\Downloads\\create-quize-main\\create-quize-main\\node_modules\\espree'
86 silly reify ]
87 silly reify mark retired [
87 silly reify   'C:\\Users\\hye4e\\Downloads\\create-quize-main\\create-quize-main\\node_modules\\esquery'
87 silly reify ]
88 silly reify mark retired [
88 silly reify   'C:\\Users\\hye4e\\Downloads\\create-quize-main\\create-quize-main\\node_modules\\esrecurse'
88 silly reify ]
89 silly reify mark retired [
89 silly reify   'C:\\Users\\hye4e\\Downloads\\create-quize-main\\create-quize-main\\node_modules\\estraverse'
89 silly reify ]
90 silly reify mark retired [
90 silly reify   'C:\\Users\\hye4e\\Downloads\\create-quize-main\\create-quize-main\\node_modules\\fast-deep-equal'
90 silly reify ]
91 silly reify mark retired [
91 silly reify   'C:\\Users\\hye4e\\Downloads\\create-quize-main\\create-quize-main\\node_modules\\esutils'
91 silly reify ]
92 silly reify mark retired [
92 silly reify   'C:\\Users\\hye4e\\Downloads\\create-quize-main\\create-quize-main\\node_modules\\fast-glob'
92 silly reify ]
93 silly reify mark retired [
93 silly reify   'C:\\Users\\hye4e\\Downloads\\create-quize-main\\create-quize-main\\node_modules\\fast-json-stable-stringify'
93 silly reify ]
94 silly reify mark retired [
94 silly reify   'C:\\Users\\hye4e\\Downloads\\create-quize-main\\create-quize-main\\node_modules\\fastq'
94 silly reify ]
95 silly reify mark retired [
95 silly reify   'C:\\Users\\hye4e\\Downloads\\create-quize-main\\create-quize-main\\node_modules\\fast-levenshtein'
95 silly reify ]
96 silly reify mark retired [
96 silly reify   'C:\\Users\\hye4e\\Downloads\\create-quize-main\\create-quize-main\\node_modules\\file-entry-cache'
96 silly reify ]
97 silly reify mark retired [
97 silly reify   'C:\\Users\\hye4e\\Downloads\\create-quize-main\\create-quize-main\\node_modules\\fill-range'
97 silly reify ]
98 silly reify mark retired [
98 silly reify   'C:\\Users\\hye4e\\Downloads\\create-quize-main\\create-quize-main\\node_modules\\find-up'
98 silly reify ]
99 silly reify mark retired [
99 silly reify   'C:\\Users\\hye4e\\Downloads\\create-quize-main\\create-quize-main\\node_modules\\flat-cache'
99 silly reify ]
100 silly reify mark retired [
100 silly reify   'C:\\Users\\hye4e\\Downloads\\create-quize-main\\create-quize-main\\node_modules\\flatted'
100 silly reify ]
101 silly reify mark retired [
101 silly reify   'C:\\Users\\hye4e\\Downloads\\create-quize-main\\create-quize-main\\node_modules\\function.prototype.name'
101 silly reify ]
102 silly reify mark retired [
102 silly reify   'C:\\Users\\hye4e\\Downloads\\create-quize-main\\create-quize-main\\node_modules\\generator-function'
102 silly reify ]
103 silly reify mark retired [
103 silly reify   'C:\\Users\\hye4e\\Downloads\\create-quize-main\\create-quize-main\\node_modules\\for-each'
103 silly reify ]
104 silly reify mark retired [
104 silly reify   'C:\\Users\\hye4e\\Downloads\\create-quize-main\\create-quize-main\\node_modules\\functions-have-names'
104 silly reify ]
105 silly reify mark retired [
105 silly reify   'C:\\Users\\hye4e\\Downloads\\create-quize-main\\create-quize-main\\node_modules\\gensync'
105 silly reify ]
106 silly reify mark retired [
106 silly reify   'C:\\Users\\hye4e\\Downloads\\create-quize-main\\create-quize-main\\node_modules\\get-intrinsic'
106 silly reify ]
107 silly reify mark retired [
107 silly reify   'C:\\Users\\hye4e\\Downloads\\create-quize-main\\create-quize-main\\node_modules\\get-proto'
107 silly reify ]
108 silly reify mark retired [
108 silly reify   'C:\\Users\\hye4e\\Downloads\\create-quize-main\\create-quize-main\\node_modules\\function-bind'
108 silly reify ]
109 silly reify mark retired [
109 silly reify   'C:\\Users\\hye4e\\Downloads\\create-quize-main\\create-quize-main\\node_modules\\get-symbol-description'
109 silly reify ]
110 silly reify mark retired [
110 silly reify   'C:\\Users\\hye4e\\Downloads\\create-quize-main\\create-quize-main\\node_modules\\get-tsconfig'
110 silly reify ]
111 silly reify mark retired [
111 silly reify   'C:\\Users\\hye4e\\Downloads\\create-quize-main\\create-quize-main\\node_modules\\glob-parent'
111 silly reify ]
112 silly reify mark retired [
112 silly reify   'C:\\Users\\hye4e\\Downloads\\create-quize-main\\create-quize-main\\node_modules\\globalthis'
112 silly reify ]
113 silly reify mark retired [
113 silly reify   'C:\\Users\\hye4e\\Downloads\\create-quize-main\\create-quize-main\\node_modules\\globals'
113 silly reify ]
114 silly reify mark retired [
114 silly reify   'C:\\Users\\hye4e\\Downloads\\create-quize-main\\create-quize-main\\node_modules\\gopd'
114 silly reify ]
115 silly reify mark retired [
115 silly reify   'C:\\Users\\hye4e\\Downloads\\create-quize-main\\create-quize-main\\node_modules\\graceful-fs'
115 silly reify ]
116 silly reify mark retired [
116 silly reify   'C:\\Users\\hye4e\\Downloads\\create-quize-main\\create-quize-main\\node_modules\\has-bigints'
116 silly reify ]
117 silly reify mark retired [
117 silly reify   'C:\\Users\\hye4e\\Downloads\\create-quize-main\\create-quize-main\\node_modules\\has-flag'
117 silly reify ]
118 silly reify mark retired [
118 silly reify   'C:\\Users\\hye4e\\Downloads\\create-quize-main\\create-quize-main\\node_modules\\has-proto'
118 silly reify ]
119 silly reify mark retired [
119 silly reify   'C:\\Users\\hye4e\\Downloads\\create-quize-main\\create-quize-main\\node_modules\\has-property-descriptors'
119 silly reify ]
120 silly reify mark retired [
120 silly reify   'C:\\Users\\hye4e\\Downloads\\create-quize-main\\create-quize-main\\node_modules\\has-symbols'
120 silly reify ]
121 silly reify mark retired [
121 silly reify   'C:\\Users\\hye4e\\Downloads\\create-quize-main\\create-quize-main\\node_modules\\has-tostringtag'
121 silly reify ]
122 silly reify mark retired [
122 silly reify   'C:\\Users\\hye4e\\Downloads\\create-quize-main\\create-quize-main\\node_modules\\hasown'
122 silly reify ]
123 silly reify mark retired [
123 silly reify   'C:\\Users\\hye4e\\Downloads\\create-quize-main\\create-quize-main\\node_modules\\hermes-parser'
123 silly reify ]
124 silly reify mark retired [
124 silly reify   'C:\\Users\\hye4e\\Downloads\\create-quize-main\\create-quize-main\\node_modules\\hermes-estree'
124 silly reify ]
125 silly reify mark retired [
125 silly reify   'C:\\Users\\hye4e\\Downloads\\create-quize-main\\create-quize-main\\node_modules\\iceberg-js'
125 silly reify ]
126 silly reify mark retired [
126 silly reify   'C:\\Users\\hye4e\\Downloads\\create-quize-main\\create-quize-main\\node_modules\\ignore'
126 silly reify ]
127 silly reify mark retired [
127 silly reify   'C:\\Users\\hye4e\\Downloads\\create-quize-main\\create-quize-main\\node_modules\\imurmurhash'
127 silly reify ]
128 silly reify mark retired [
128 silly reify   'C:\\Users\\hye4e\\Downloads\\create-quize-main\\create-quize-main\\node_modules\\import-fresh'
128 silly reify ]
129 silly reify mark retired [
129 silly reify   'C:\\Users\\hye4e\\Downloads\\create-quize-main\\create-quize-main\\node_modules\\internal-slot'
129 silly reify ]
130 silly reify mark retired [
130 silly reify   'C:\\Users\\hye4e\\Downloads\\create-quize-main\\create-quize-main\\node_modules\\is-array-buffer'
130 silly reify ]
131 silly reify mark retired [
131 silly reify   'C:\\Users\\hye4e\\Downloads\\create-quize-main\\create-quize-main\\node_modules\\is-bigint'
131 silly reify ]
132 silly reify mark retired [
132 silly reify   'C:\\Users\\hye4e\\Downloads\\create-quize-main\\create-quize-main\\node_modules\\is-boolean-object'
132 silly reify ]
133 silly reify mark retired [
133 silly reify   'C:\\Users\\hye4e\\Downloads\\create-quize-main\\create-quize-main\\node_modules\\is-bun-module'
133 silly reify ]
134 silly reify mark retired [
134 silly reify   'C:\\Users\\hye4e\\Downloads\\create-quize-main\\create-quize-main\\node_modules\\is-callable'
134 silly reify ]
135 silly reify mark retired [
135 silly reify   'C:\\Users\\hye4e\\Downloads\\create-quize-main\\create-quize-main\\node_modules\\is-async-function'
135 silly reify ]
136 silly reify mark retired [
136 silly reify   'C:\\Users\\hye4e\\Downloads\\create-quize-main\\create-quize-main\\node_modules\\is-date-object'
136 silly reify ]
137 silly reify mark retired [
137 silly reify   'C:\\Users\\hye4e\\Downloads\\create-quize-main\\create-quize-main\\node_modules\\is-data-view'
137 silly reify ]
138 silly reify mark retired [
138 silly reify   'C:\\Users\\hye4e\\Downloads\\create-quize-main\\create-quize-main\\node_modules\\is-extglob'
138 silly reify ]
139 silly reify mark retired [
139 silly reify   'C:\\Users\\hye4e\\Downloads\\create-quize-main\\create-quize-main\\node_modules\\is-finalizationregistry'
139 silly reify ]
140 silly reify mark retired [
140 silly reify   'C:\\Users\\hye4e\\Downloads\\create-quize-main\\create-quize-main\\node_modules\\is-generator-function'
140 silly reify ]
141 silly reify mark retired [
141 silly reify   'C:\\Users\\hye4e\\Downloads\\create-quize-main\\create-quize-main\\node_modules\\is-map'
141 silly reify ]
142 silly reify mark retired [
142 silly reify   'C:\\Users\\hye4e\\Downloads\\create-quize-main\\create-quize-main\\node_modules\\is-negative-zero'
142 silly reify ]
143 silly reify mark retired [
143 silly reify   'C:\\Users\\hye4e\\Downloads\\create-quize-main\\create-quize-main\\node_modules\\is-glob'
143 silly reify ]
144 silly reify mark retired [
144 silly reify   'C:\\Users\\hye4e\\Downloads\\create-quize-main\\create-quize-main\\node_modules\\is-number'
144 silly reify ]
145 silly reify mark retired [
145 silly reify   'C:\\Users\\hye4e\\Downloads\\create-quize-main\\create-quize-main\\node_modules\\is-number-object'
145 silly reify ]
146 silly reify mark retired [
146 silly reify   'C:\\Users\\hye4e\\Downloads\\create-quize-main\\create-quize-main\\node_modules\\is-core-module'
146 silly reify ]
147 silly reify mark retired [
147 silly reify   'C:\\Users\\hye4e\\Downloads\\create-quize-main\\create-quize-main\\node_modules\\is-regex'
147 silly reify ]
148 silly reify mark retired [
148 silly reify   'C:\\Users\\hye4e\\Downloads\\create-quize-main\\create-quize-main\\node_modules\\is-set'
148 silly reify ]
149 silly reify mark retired [
149 silly reify   'C:\\Users\\hye4e\\Downloads\\create-quize-main\\create-quize-main\\node_modules\\is-shared-array-buffer'
149 silly reify ]
150 silly reify mark retired [
150 silly reify   'C:\\Users\\hye4e\\Downloads\\create-quize-main\\create-quize-main\\node_modules\\is-string'
150 silly reify ]
151 silly reify mark retired [
151 silly reify   'C:\\Users\\hye4e\\Downloads\\create-quize-main\\create-quize-main\\node_modules\\is-symbol'
151 silly reify ]
152 silly reify mark retired [
152 silly reify   'C:\\Users\\hye4e\\Downloads\\create-quize-main\\create-quize-main\\node_modules\\is-weakmap'
152 silly reify ]
153 silly reify mark retired [
153 silly reify   'C:\\Users\\hye4e\\Downloads\\create-quize-main\\create-quize-main\\node_modules\\is-weakset'
153 silly reify ]
154 silly reify mark retired [
154 silly reify   'C:\\Users\\hye4e\\Downloads\\create-quize-main\\create-quize-main\\node_modules\\is-typed-array'
154 silly reify ]
155 silly reify mark retired [
155 silly reify   'C:\\Users\\hye4e\\Downloads\\create-quize-main\\create-quize-main\\node_modules\\is-weakref'
155 silly reify ]
156 silly reify mark retired [
156 silly reify   'C:\\Users\\hye4e\\Downloads\\create-quize-main\\create-quize-main\\node_modules\\isexe'
156 silly reify ]
157 silly reify mark retired [
157 silly reify   'C:\\Users\\hye4e\\Downloads\\create-quize-main\\create-quize-main\\node_modules\\isarray'
157 silly reify ]
158 silly reify mark retired [
158 silly reify   'C:\\Users\\hye4e\\Downloads\\create-quize-main\\create-quize-main\\node_modules\\iterator.prototype'
158 silly reify ]
159 silly reify mark retired [
159 silly reify   'C:\\Users\\hye4e\\Downloads\\create-quize-main\\create-quize-main\\node_modules\\jiti'
159 silly reify ]
160 silly reify mark retired [
160 silly reify   'C:\\Users\\hye4e\\Downloads\\create-quize-main\\create-quize-main\\node_modules\\js-tokens'
160 silly reify ]
161 silly reify mark retired [
161 silly reify   'C:\\Users\\hye4e\\Downloads\\create-quize-main\\create-quize-main\\node_modules\\js-yaml'
161 silly reify ]
162 silly reify mark retired [
162 silly reify   'C:\\Users\\hye4e\\Downloads\\create-quize-main\\create-quize-main\\node_modules\\jsesc'
162 silly reify ]
163 silly reify mark retired [
163 silly reify   'C:\\Users\\hye4e\\Downloads\\create-quize-main\\create-quize-main\\node_modules\\json-buffer'
163 silly reify ]
164 silly reify mark retired [
164 silly reify   'C:\\Users\\hye4e\\Downloads\\create-quize-main\\create-quize-main\\node_modules\\json-schema-traverse'
164 silly reify ]
165 silly reify mark retired [
165 silly reify   'C:\\Users\\hye4e\\Downloads\\create-quize-main\\create-quize-main\\node_modules\\json-stable-stringify-without-jsonify'
165 silly reify ]
166 silly reify mark retired [
166 silly reify   'C:\\Users\\hye4e\\Downloads\\create-quize-main\\create-quize-main\\node_modules\\json5'
166 silly reify ]
167 silly reify mark retired [
167 silly reify   'C:\\Users\\hye4e\\Downloads\\create-quize-main\\create-quize-main\\node_modules\\keyv'
167 silly reify ]
168 silly reify mark retired [
168 silly reify   'C:\\Users\\hye4e\\Downloads\\create-quize-main\\create-quize-main\\node_modules\\jsx-ast-utils'
168 silly reify ]
169 silly reify mark retired [
169 silly reify   'C:\\Users\\hye4e\\Downloads\\create-quize-main\\create-quize-main\\node_modules\\language-subtag-registry'
169 silly reify ]
170 silly reify mark retired [
170 silly reify   'C:\\Users\\hye4e\\Downloads\\create-quize-main\\create-quize-main\\node_modules\\language-tags'
170 silly reify ]
171 silly reify mark retired [
171 silly reify   'C:\\Users\\hye4e\\Downloads\\create-quize-main\\create-quize-main\\node_modules\\levn'
171 silly reify ]
172 silly reify mark retired [
172 silly reify   'C:\\Users\\hye4e\\Downloads\\create-quize-main\\create-quize-main\\node_modules\\lightningcss'
172 silly reify ]
173 silly reify mark retired [
173 silly reify   'C:\\Users\\hye4e\\Downloads\\create-quize-main\\create-quize-main\\node_modules\\lightningcss-win32-x64-msvc'
173 silly reify ]
174 silly reify mark retired [
174 silly reify   'C:\\Users\\hye4e\\Downloads\\create-quize-main\\create-quize-main\\node_modules\\locate-path'
174 silly reify ]
175 silly reify mark retired [
175 silly reify   'C:\\Users\\hye4e\\Downloads\\create-quize-main\\create-quize-main\\node_modules\\lodash.merge'
175 silly reify ]
176 silly reify mark retired [
176 silly reify   'C:\\Users\\hye4e\\Downloads\\create-quize-main\\create-quize-main\\node_modules\\loose-envify'
176 silly reify ]
177 silly reify mark retired [
177 silly reify   'C:\\Users\\hye4e\\Downloads\\create-quize-main\\create-quize-main\\node_modules\\lru-cache'
177 silly reify ]
178 silly reify mark retired [
178 silly reify   'C:\\Users\\hye4e\\Downloads\\create-quize-main\\create-quize-main\\node_modules\\math-intrinsics'
178 silly reify ]
179 silly reify mark retired [
179 silly reify   'C:\\Users\\hye4e\\Downloads\\create-quize-main\\create-quize-main\\node_modules\\merge2'
179 silly reify ]
180 silly reify mark retired [
180 silly reify   'C:\\Users\\hye4e\\Downloads\\create-quize-main\\create-quize-main\\node_modules\\micromatch'
180 silly reify ]
181 silly reify mark retired [
181 silly reify   'C:\\Users\\hye4e\\Downloads\\create-quize-main\\create-quize-main\\node_modules\\minimatch'
181 silly reify ]
182 silly reify mark retired [
182 silly reify   'C:\\Users\\hye4e\\Downloads\\create-quize-main\\create-quize-main\\node_modules\\minimist'
182 silly reify ]
183 silly reify mark retired [
183 silly reify   'C:\\Users\\hye4e\\Downloads\\create-quize-main\\create-quize-main\\node_modules\\ms'
183 silly reify ]
184 silly reify mark retired [
184 silly reify   'C:\\Users\\hye4e\\Downloads\\create-quize-main\\create-quize-main\\node_modules\\nanoid'
184 silly reify ]
185 silly reify mark retired [
185 silly reify   'C:\\Users\\hye4e\\Downloads\\create-quize-main\\create-quize-main\\node_modules\\napi-postinstall'
185 silly reify ]
186 silly reify mark retired [
186 silly reify   'C:\\Users\\hye4e\\Downloads\\create-quize-main\\create-quize-main\\node_modules\\natural-compare'
186 silly reify ]
187 silly reify mark retired [
187 silly reify   'C:\\Users\\hye4e\\Downloads\\create-quize-main\\create-quize-main\\node_modules\\magic-string'
187 silly reify ]
188 silly reify mark retired [
188 silly reify   'C:\\Users\\hye4e\\Downloads\\create-quize-main\\create-quize-main\\node_modules\\next'
188 silly reify ]
189 silly reify mark retired [
189 silly reify   'C:\\Users\\hye4e\\Downloads\\create-quize-main\\create-quize-main\\node_modules\\node-releases'
189 silly reify ]
190 silly reify mark retired [
190 silly reify   'C:\\Users\\hye4e\\Downloads\\create-quize-main\\create-quize-main\\node_modules\\node-exports-info'
190 silly reify ]
191 silly reify mark retired [
191 silly reify   'C:\\Users\\hye4e\\Downloads\\create-quize-main\\create-quize-main\\node_modules\\object-assign'
191 silly reify ]
192 silly reify mark retired [
192 silly reify   'C:\\Users\\hye4e\\Downloads\\create-quize-main\\create-quize-main\\node_modules\\object-inspect'
192 silly reify ]
193 silly reify mark retired [
193 silly reify   'C:\\Users\\hye4e\\Downloads\\create-quize-main\\create-quize-main\\node_modules\\object-keys'
193 silly reify ]
194 silly reify mark retired [
194 silly reify   'C:\\Users\\hye4e\\Downloads\\create-quize-main\\create-quize-main\\node_modules\\object.entries'
194 silly reify ]
195 silly reify mark retired [
195 silly reify   'C:\\Users\\hye4e\\Downloads\\create-quize-main\\create-quize-main\\node_modules\\object.fromentries'
195 silly reify ]
196 silly reify mark retired [
196 silly reify   'C:\\Users\\hye4e\\Downloads\\create-quize-main\\create-quize-main\\node_modules\\object.groupby'
196 silly reify ]
197 silly reify mark retired [
197 silly reify   'C:\\Users\\hye4e\\Downloads\\create-quize-main\\create-quize-main\\node_modules\\object.assign'
197 silly reify ]
198 silly reify mark retired [
198 silly reify   'C:\\Users\\hye4e\\Downloads\\create-quize-main\\create-quize-main\\node_modules\\object.values'
198 silly reify ]
199 silly reify mark retired [
199 silly reify   'C:\\Users\\hye4e\\Downloads\\create-quize-main\\create-quize-main\\node_modules\\optionator'
199 silly reify ]
200 silly reify mark retired [
200 silly reify   'C:\\Users\\hye4e\\Downloads\\create-quize-main\\create-quize-main\\node_modules\\own-keys'
200 silly reify ]
201 silly reify mark retired [
201 silly reify   'C:\\Users\\hye4e\\Downloads\\create-quize-main\\create-quize-main\\node_modules\\p-limit'
201 silly reify ]
202 silly reify mark retired [
202 silly reify   'C:\\Users\\hye4e\\Downloads\\create-quize-main\\create-quize-main\\node_modules\\p-locate'
202 silly reify ]
203 silly reify mark retired [
203 silly reify   'C:\\Users\\hye4e\\Downloads\\create-quize-main\\create-quize-main\\node_modules\\parent-module'
203 silly reify ]
204 silly reify mark retired [
204 silly reify   'C:\\Users\\hye4e\\Downloads\\create-quize-main\\create-quize-main\\node_modules\\path-exists'
204 silly reify ]
205 silly reify mark retired [
205 silly reify   'C:\\Users\\hye4e\\Downloads\\create-quize-main\\create-quize-main\\node_modules\\path-key'
205 silly reify ]
206 silly reify mark retired [
206 silly reify   'C:\\Users\\hye4e\\Downloads\\create-quize-main\\create-quize-main\\node_modules\\path-parse'
206 silly reify ]
207 silly reify mark retired [
207 silly reify   'C:\\Users\\hye4e\\Downloads\\create-quize-main\\create-quize-main\\node_modules\\picocolors'
207 silly reify ]
208 silly reify mark retired [
208 silly reify   'C:\\Users\\hye4e\\Downloads\\create-quize-main\\create-quize-main\\node_modules\\picomatch'
208 silly reify ]
209 silly reify mark retired [
209 silly reify   'C:\\Users\\hye4e\\Downloads\\create-quize-main\\create-quize-main\\node_modules\\possible-typed-array-names'
209 silly reify ]
210 silly reify mark retired [
210 silly reify   'C:\\Users\\hye4e\\Downloads\\create-quize-main\\create-quize-main\\node_modules\\postcss'
210 silly reify ]
211 silly reify mark retired [
211 silly reify   'C:\\Users\\hye4e\\Downloads\\create-quize-main\\create-quize-main\\node_modules\\prelude-ls'
211 silly reify ]
212 silly reify mark retired [
212 silly reify   'C:\\Users\\hye4e\\Downloads\\create-quize-main\\create-quize-main\\node_modules\\prettier'
212 silly reify ]
213 silly reify mark retired [
213 silly reify   'C:\\Users\\hye4e\\Downloads\\create-quize-main\\create-quize-main\\node_modules\\prop-types'
213 silly reify ]
214 silly reify mark retired [
214 silly reify   'C:\\Users\\hye4e\\Downloads\\create-quize-main\\create-quize-main\\node_modules\\punycode'
214 silly reify ]
215 silly reify mark retired [
215 silly reify   'C:\\Users\\hye4e\\Downloads\\create-quize-main\\create-quize-main\\node_modules\\queue-microtask'
215 silly reify ]
216 silly reify mark retired [
216 silly reify   'C:\\Users\\hye4e\\Downloads\\create-quize-main\\create-quize-main\\node_modules\\react'
216 silly reify ]
217 silly reify mark retired [
217 silly reify   'C:\\Users\\hye4e\\Downloads\\create-quize-main\\create-quize-main\\node_modules\\react-dom'
217 silly reify ]
218 silly reify mark retired [
218 silly reify   'C:\\Users\\hye4e\\Downloads\\create-quize-main\\create-quize-main\\node_modules\\react-is'
218 silly reify ]
219 silly reify mark retired [
219 silly reify   'C:\\Users\\hye4e\\Downloads\\create-quize-main\\create-quize-main\\node_modules\\reflect.getprototypeof'
219 silly reify ]
220 silly reify mark retired [
220 silly reify   'C:\\Users\\hye4e\\Downloads\\create-quize-main\\create-quize-main\\node_modules\\regexp.prototype.flags'
220 silly reify ]
221 silly reify mark retired [
221 silly reify   'C:\\Users\\hye4e\\Downloads\\create-quize-main\\create-quize-main\\node_modules\\resolve'
221 silly reify ]
222 silly reify mark retired [
222 silly reify   'C:\\Users\\hye4e\\Downloads\\create-quize-main\\create-quize-main\\node_modules\\resolve-from'
222 silly reify ]
223 silly reify mark retired [
223 silly reify   'C:\\Users\\hye4e\\Downloads\\create-quize-main\\create-quize-main\\node_modules\\resolve-pkg-maps'
223 silly reify ]
224 silly reify mark retired [
224 silly reify   'C:\\Users\\hye4e\\Downloads\\create-quize-main\\create-quize-main\\node_modules\\reusify'
224 silly reify ]
225 silly reify mark retired [
225 silly reify   'C:\\Users\\hye4e\\Downloads\\create-quize-main\\create-quize-main\\node_modules\\run-parallel'
225 silly reify ]
226 silly reify mark retired [
226 silly reify   'C:\\Users\\hye4e\\Downloads\\create-quize-main\\create-quize-main\\node_modules\\safe-array-concat'
226 silly reify ]
227 silly reify mark retired [
227 silly reify   'C:\\Users\\hye4e\\Downloads\\create-quize-main\\create-quize-main\\node_modules\\safe-push-apply'
227 silly reify ]
228 silly reify mark retired [
228 silly reify   'C:\\Users\\hye4e\\Downloads\\create-quize-main\\create-quize-main\\node_modules\\safe-regex-test'
228 silly reify ]
229 silly reify mark retired [
229 silly reify   'C:\\Users\\hye4e\\Downloads\\create-quize-main\\create-quize-main\\node_modules\\scheduler'
229 silly reify ]
230 silly reify mark retired [
230 silly reify   'C:\\Users\\hye4e\\Downloads\\create-quize-main\\create-quize-main\\node_modules\\semver'
230 silly reify ]
231 silly reify mark retired [
231 silly reify   'C:\\Users\\hye4e\\Downloads\\create-quize-main\\create-quize-main\\node_modules\\set-function-length'
231 silly reify ]
232 silly reify mark retired [
232 silly reify   'C:\\Users\\hye4e\\Downloads\\create-quize-main\\create-quize-main\\node_modules\\set-function-name'
232 silly reify ]
233 silly reify mark retired [
233 silly reify   'C:\\Users\\hye4e\\Downloads\\create-quize-main\\create-quize-main\\node_modules\\set-proto'
233 silly reify ]
234 silly reify mark retired [
234 silly reify   'C:\\Users\\hye4e\\Downloads\\create-quize-main\\create-quize-main\\node_modules\\sharp'
234 silly reify ]
235 silly reify mark retired [
235 silly reify   'C:\\Users\\hye4e\\Downloads\\create-quize-main\\create-quize-main\\node_modules\\shebang-command'
235 silly reify ]
236 silly reify mark retired [
236 silly reify   'C:\\Users\\hye4e\\Downloads\\create-quize-main\\create-quize-main\\node_modules\\shebang-regex'
236 silly reify ]
237 silly reify mark retired [
237 silly reify   'C:\\Users\\hye4e\\Downloads\\create-quize-main\\create-quize-main\\node_modules\\side-channel'
237 silly reify ]
238 silly reify mark retired [
238 silly reify   'C:\\Users\\hye4e\\Downloads\\create-quize-main\\create-quize-main\\node_modules\\side-channel-list'
238 silly reify ]
239 silly reify mark retired [
239 silly reify   'C:\\Users\\hye4e\\Downloads\\create-quize-main\\create-quize-main\\node_modules\\side-channel-map'
239 silly reify ]
240 silly reify mark retired [
240 silly reify   'C:\\Users\\hye4e\\Downloads\\create-quize-main\\create-quize-main\\node_modules\\side-channel-weakmap'
240 silly reify ]
241 silly reify mark retired [
241 silly reify   'C:\\Users\\hye4e\\Downloads\\create-quize-main\\create-quize-main\\node_modules\\source-map-js'
241 silly reify ]
242 silly reify mark retired [
242 silly reify   'C:\\Users\\hye4e\\Downloads\\create-quize-main\\create-quize-main\\node_modules\\stable-hash'
242 silly reify ]
243 silly reify mark retired [
243 silly reify   'C:\\Users\\hye4e\\Downloads\\create-quize-main\\create-quize-main\\node_modules\\stop-iteration-iterator'
243 silly reify ]
244 silly reify mark retired [
244 silly reify   'C:\\Users\\hye4e\\Downloads\\create-quize-main\\create-quize-main\\node_modules\\string.prototype.includes'
244 silly reify ]
245 silly reify mark retired [
245 silly reify   'C:\\Users\\hye4e\\Downloads\\create-quize-main\\create-quize-main\\node_modules\\string.prototype.matchall'
245 silly reify ]
246 silly reify mark retired [
246 silly reify   'C:\\Users\\hye4e\\Downloads\\create-quize-main\\create-quize-main\\node_modules\\string.prototype.repeat'
246 silly reify ]
247 silly reify mark retired [
247 silly reify   'C:\\Users\\hye4e\\Downloads\\create-quize-main\\create-quize-main\\node_modules\\string.prototype.trim'
247 silly reify ]
248 silly reify mark retired [
248 silly reify   'C:\\Users\\hye4e\\Downloads\\create-quize-main\\create-quize-main\\node_modules\\string.prototype.trimend'
248 silly reify ]
249 silly reify mark retired [
249 silly reify   'C:\\Users\\hye4e\\Downloads\\create-quize-main\\create-quize-main\\node_modules\\strip-bom'
249 silly reify ]
250 silly reify mark retired [
250 silly reify   'C:\\Users\\hye4e\\Downloads\\create-quize-main\\create-quize-main\\node_modules\\string.prototype.trimstart'
250 silly reify ]
251 silly reify mark retired [
251 silly reify   'C:\\Users\\hye4e\\Downloads\\create-quize-main\\create-quize-main\\node_modules\\strip-json-comments'
251 silly reify ]
252 silly reify mark retired [
252 silly reify   'C:\\Users\\hye4e\\Downloads\\create-quize-main\\create-quize-main\\node_modules\\supports-color'
252 silly reify ]
253 silly reify mark retired [
253 silly reify   'C:\\Users\\hye4e\\Downloads\\create-quize-main\\create-quize-main\\node_modules\\styled-jsx'
253 silly reify ]
254 silly reify mark retired [
254 silly reify   'C:\\Users\\hye4e\\Downloads\\create-quize-main\\create-quize-main\\node_modules\\supports-preserve-symlinks-flag'
254 silly reify ]
255 silly reify mark retired [
255 silly reify   'C:\\Users\\hye4e\\Downloads\\create-quize-main\\create-quize-main\\node_modules\\tailwindcss'
255 silly reify ]
256 silly reify mark retired [
256 silly reify   'C:\\Users\\hye4e\\Downloads\\create-quize-main\\create-quize-main\\node_modules\\tapable'
256 silly reify ]
257 silly reify mark retired [
257 silly reify   'C:\\Users\\hye4e\\Downloads\\create-quize-main\\create-quize-main\\node_modules\\tinyglobby'
257 silly reify ]
258 silly reify mark retired [
258 silly reify   'C:\\Users\\hye4e\\Downloads\\create-quize-main\\create-quize-main\\node_modules\\to-regex-range'
258 silly reify ]
259 silly reify mark retired [
259 silly reify   'C:\\Users\\hye4e\\Downloads\\create-quize-main\\create-quize-main\\node_modules\\ts-api-utils'
259 silly reify ]
260 silly reify mark retired [
260 silly reify   'C:\\Users\\hye4e\\Downloads\\create-quize-main\\create-quize-main\\node_modules\\tsconfig-paths'
260 silly reify ]
261 silly reify mark retired [
261 silly reify   'C:\\Users\\hye4e\\Downloads\\create-quize-main\\create-quize-main\\node_modules\\tslib'
261 silly reify ]
262 silly reify mark retired [
262 silly reify   'C:\\Users\\hye4e\\Downloads\\create-quize-main\\create-quize-main\\node_modules\\typed-array-buffer'
262 silly reify ]
263 silly reify mark retired [
263 silly reify   'C:\\Users\\hye4e\\Downloads\\create-quize-main\\create-quize-main\\node_modules\\type-check'
263 silly reify ]
264 silly reify mark retired [
264 silly reify   'C:\\Users\\hye4e\\Downloads\\create-quize-main\\create-quize-main\\node_modules\\typed-array-byte-offset'
264 silly reify ]
265 silly reify mark retired [
265 silly reify   'C:\\Users\\hye4e\\Downloads\\create-quize-main\\create-quize-main\\node_modules\\typed-array-byte-length'
265 silly reify ]
266 silly reify mark retired [
266 silly reify   'C:\\Users\\hye4e\\Downloads\\create-quize-main\\create-quize-main\\node_modules\\typed-array-length'
266 silly reify ]
267 silly reify mark retired [
267 silly reify   'C:\\Users\\hye4e\\Downloads\\create-quize-main\\create-quize-main\\node_modules\\typescript-eslint'
267 silly reify ]
268 silly reify mark retired [
268 silly reify   'C:\\Users\\hye4e\\Downloads\\create-quize-main\\create-quize-main\\node_modules\\typescript'
268 silly reify ]
269 silly reify mark retired [
269 silly reify   'C:\\Users\\hye4e\\Downloads\\create-quize-main\\create-quize-main\\node_modules\\unbox-primitive'
269 silly reify ]
270 silly reify mark retired [
270 silly reify   'C:\\Users\\hye4e\\Downloads\\create-quize-main\\create-quize-main\\node_modules\\undici-types'
270 silly reify ]
271 silly reify mark retired [
271 silly reify   'C:\\Users\\hye4e\\Downloads\\create-quize-main\\create-quize-main\\node_modules\\unrs-resolver'
271 silly reify ]
272 silly reify mark retired [
272 silly reify   'C:\\Users\\hye4e\\Downloads\\create-quize-main\\create-quize-main\\node_modules\\update-browserslist-db'
272 silly reify ]
273 silly reify mark retired [
273 silly reify   'C:\\Users\\hye4e\\Downloads\\create-quize-main\\create-quize-main\\node_modules\\uri-js'
273 silly reify ]
274 silly reify mark retired [
274 silly reify   'C:\\Users\\hye4e\\Downloads\\create-quize-main\\create-quize-main\\node_modules\\which'
274 silly reify ]
275 silly reify mark retired [
275 silly reify   'C:\\Users\\hye4e\\Downloads\\create-quize-main\\create-quize-main\\node_modules\\which-boxed-primitive'
275 silly reify ]
276 silly reify mark retired [
276 silly reify   'C:\\Users\\hye4e\\Downloads\\create-quize-main\\create-quize-main\\node_modules\\which-collection'
276 silly reify ]
277 silly reify mark retired [
277 silly reify   'C:\\Users\\hye4e\\Downloads\\create-quize-main\\create-quize-main\\node_modules\\which-typed-array'
277 silly reify ]
278 silly reify mark retired [
278 silly reify   'C:\\Users\\hye4e\\Downloads\\create-quize-main\\create-quize-main\\node_modules\\which-builtin-type'
278 silly reify ]
279 silly reify mark retired [
279 silly reify   'C:\\Users\\hye4e\\Downloads\\create-quize-main\\create-quize-main\\node_modules\\word-wrap'
279 silly reify ]
280 silly reify mark retired [
280 silly reify   'C:\\Users\\hye4e\\Downloads\\create-quize-main\\create-quize-main\\node_modules\\yocto-queue'
280 silly reify ]
281 silly reify mark retired [
281 silly reify   'C:\\Users\\hye4e\\Downloads\\create-quize-main\\create-quize-main\\node_modules\\yallist'
281 silly reify ]
282 silly reify mark retired [
282 silly reify   'C:\\Users\\hye4e\\Downloads\\create-quize-main\\create-quize-main\\node_modules\\zod'
282 silly reify ]
283 silly reify mark retired [
283 silly reify   'C:\\Users\\hye4e\\Downloads\\create-quize-main\\create-quize-main\\node_modules\\@alloc\\quick-lru'
283 silly reify ]
284 silly reify mark retired [
284 silly reify   'C:\\Users\\hye4e\\Downloads\\create-quize-main\\create-quize-main\\node_modules\\zod-validation-error'
284 silly reify ]
285 silly reify mark retired [
285 silly reify   'C:\\Users\\hye4e\\Downloads\\create-quize-main\\create-quize-main\\node_modules\\@babel\\code-frame'
285 silly reify ]
286 silly reify mark retired [
286 silly reify   'C:\\Users\\hye4e\\Downloads\\create-quize-main\\create-quize-main\\node_modules\\@babel\\compat-data'
286 silly reify ]
287 silly reify mark retired [
287 silly reify   'C:\\Users\\hye4e\\Downloads\\create-quize-main\\create-quize-main\\node_modules\\@babel\\core'
287 silly reify ]
288 silly reify mark retired [
288 silly reify   'C:\\Users\\hye4e\\Downloads\\create-quize-main\\create-quize-main\\node_modules\\@babel\\helper-compilation-targets'
288 silly reify ]
289 silly reify mark retired [
289 silly reify   'C:\\Users\\hye4e\\Downloads\\create-quize-main\\create-quize-main\\node_modules\\@babel\\generator'
289 silly reify ]
290 silly reify mark retired [
290 silly reify   'C:\\Users\\hye4e\\Downloads\\create-quize-main\\create-quize-main\\node_modules\\@babel\\helper-globals'
290 silly reify ]
291 silly reify mark retired [
291 silly reify   'C:\\Users\\hye4e\\Downloads\\create-quize-main\\create-quize-main\\node_modules\\@babel\\helper-module-imports'
291 silly reify ]
292 silly reify mark retired [
292 silly reify   'C:\\Users\\hye4e\\Downloads\\create-quize-main\\create-quize-main\\node_modules\\@babel\\helper-module-transforms'
292 silly reify ]
293 silly reify mark retired [
293 silly reify   'C:\\Users\\hye4e\\Downloads\\create-quize-main\\create-quize-main\\node_modules\\@babel\\helper-string-parser'
293 silly reify ]
294 silly reify mark retired [
294 silly reify   'C:\\Users\\hye4e\\Downloads\\create-quize-main\\create-quize-main\\node_modules\\@babel\\helper-validator-identifier'
294 silly reify ]
295 silly reify mark retired [
295 silly reify   'C:\\Users\\hye4e\\Downloads\\create-quize-main\\create-quize-main\\node_modules\\@babel\\helper-validator-option'
295 silly reify ]
296 silly reify mark retired [
296 silly reify   'C:\\Users\\hye4e\\Downloads\\create-quize-main\\create-quize-main\\node_modules\\@babel\\parser'
296 silly reify ]
297 silly reify mark retired [
297 silly reify   'C:\\Users\\hye4e\\Downloads\\create-quize-main\\create-quize-main\\node_modules\\@babel\\traverse'
297 silly reify ]
298 silly reify mark retired [
298 silly reify   'C:\\Users\\hye4e\\Downloads\\create-quize-main\\create-quize-main\\node_modules\\@babel\\template'
298 silly reify ]
299 silly reify mark retired [
299 silly reify   'C:\\Users\\hye4e\\Downloads\\create-quize-main\\create-quize-main\\node_modules\\@babel\\types'
299 silly reify ]
300 silly reify mark retired [
300 silly reify   'C:\\Users\\hye4e\\Downloads\\create-quize-main\\create-quize-main\\node_modules\\@emnapi\\core'
300 silly reify ]
301 silly reify mark retired [
301 silly reify   'C:\\Users\\hye4e\\Downloads\\create-quize-main\\create-quize-main\\node_modules\\@emnapi\\runtime'
301 silly reify ]
302 silly reify mark retired [
302 silly reify   'C:\\Users\\hye4e\\Downloads\\create-quize-main\\create-quize-main\\node_modules\\@emnapi\\wasi-threads'
302 silly reify ]
303 silly reify mark retired [
303 silly reify   'C:\\Users\\hye4e\\Downloads\\create-quize-main\\create-quize-main\\node_modules\\@eslint\\config-array'
303 silly reify ]
304 silly reify mark retired [
304 silly reify   'C:\\Users\\hye4e\\Downloads\\create-quize-main\\create-quize-main\\node_modules\\@eslint\\config-helpers'
304 silly reify ]
305 silly reify mark retired [
305 silly reify   'C:\\Users\\hye4e\\Downloads\\create-quize-main\\create-quize-main\\node_modules\\@eslint\\core'
305 silly reify ]
306 silly reify mark retired [
306 silly reify   'C:\\Users\\hye4e\\Downloads\\create-quize-main\\create-quize-main\\node_modules\\@eslint\\eslintrc'
306 silly reify ]
307 silly reify mark retired [
307 silly reify   'C:\\Users\\hye4e\\Downloads\\create-quize-main\\create-quize-main\\node_modules\\@eslint\\js'
307 silly reify ]
308 silly reify mark retired [
308 silly reify   'C:\\Users\\hye4e\\Downloads\\create-quize-main\\create-quize-main\\node_modules\\@eslint\\object-schema'
308 silly reify ]
309 silly reify mark retired [
309 silly reify   'C:\\Users\\hye4e\\Downloads\\create-quize-main\\create-quize-main\\node_modules\\@eslint\\plugin-kit'
309 silly reify ]
310 silly reify mark retired [
310 silly reify   'C:\\Users\\hye4e\\Downloads\\create-quize-main\\create-quize-main\\node_modules\\@eslint-community\\eslint-utils'
310 silly reify ]
311 silly reify mark retired [
311 silly reify   'C:\\Users\\hye4e\\Downloads\\create-quize-main\\create-quize-main\\node_modules\\@eslint-community\\regexpp'
311 silly reify ]
312 silly reify mark retired [
312 silly reify   'C:\\Users\\hye4e\\Downloads\\create-quize-main\\create-quize-main\\node_modules\\@google\\generative-ai'
312 silly reify ]
313 silly reify mark retired [
313 silly reify   'C:\\Users\\hye4e\\Downloads\\create-quize-main\\create-quize-main\\node_modules\\@humanfs\\core'
313 silly reify ]
314 silly reify mark retired [
314 silly reify   'C:\\Users\\hye4e\\Downloads\\create-quize-main\\create-quize-main\\node_modules\\@humanfs\\node'
314 silly reify ]
315 silly reify mark retired [
315 silly reify   'C:\\Users\\hye4e\\Downloads\\create-quize-main\\create-quize-main\\node_modules\\@humanfs\\types'
315 silly reify ]
316 silly reify mark retired [
316 silly reify   'C:\\Users\\hye4e\\Downloads\\create-quize-main\\create-quize-main\\node_modules\\@humanwhocodes\\module-importer'
316 silly reify ]
317 silly reify mark retired [
317 silly reify   'C:\\Users\\hye4e\\Downloads\\create-quize-main\\create-quize-main\\node_modules\\@humanwhocodes\\retry'
317 silly reify ]
318 silly reify mark retired [
318 silly reify   'C:\\Users\\hye4e\\Downloads\\create-quize-main\\create-quize-main\\node_modules\\@img\\colour'
318 silly reify ]
319 silly reify mark retired [
319 silly reify   'C:\\Users\\hye4e\\Downloads\\create-quize-main\\create-quize-main\\node_modules\\@img\\sharp-win32-x64'
319 silly reify ]
320 silly reify mark retired [
320 silly reify   'C:\\Users\\hye4e\\Downloads\\create-quize-main\\create-quize-main\\node_modules\\@jridgewell\\gen-mapping'
320 silly reify ]
321 silly reify mark retired [
321 silly reify   'C:\\Users\\hye4e\\Downloads\\create-quize-main\\create-quize-main\\node_modules\\@jridgewell\\remapping'
321 silly reify ]
322 silly reify mark retired [
322 silly reify   'C:\\Users\\hye4e\\Downloads\\create-quize-main\\create-quize-main\\node_modules\\@jridgewell\\resolve-uri'
322 silly reify ]
323 silly reify mark retired [
323 silly reify   'C:\\Users\\hye4e\\Downloads\\create-quize-main\\create-quize-main\\node_modules\\@jridgewell\\sourcemap-codec'
323 silly reify ]
324 silly reify mark retired [
324 silly reify   'C:\\Users\\hye4e\\Downloads\\create-quize-main\\create-quize-main\\node_modules\\@jridgewell\\trace-mapping'
324 silly reify ]
325 silly reify mark retired [
325 silly reify   'C:\\Users\\hye4e\\Downloads\\create-quize-main\\create-quize-main\\node_modules\\@napi-rs\\wasm-runtime'
325 silly reify ]
326 silly reify mark retired [
326 silly reify   'C:\\Users\\hye4e\\Downloads\\create-quize-main\\create-quize-main\\node_modules\\@next\\env'
326 silly reify ]
327 silly reify mark retired [
327 silly reify   'C:\\Users\\hye4e\\Downloads\\create-quize-main\\create-quize-main\\node_modules\\@babel\\helpers'
327 silly reify ]
328 silly reify mark retired [
328 silly reify   'C:\\Users\\hye4e\\Downloads\\create-quize-main\\create-quize-main\\node_modules\\@next\\eslint-plugin-next'
328 silly reify ]
329 silly reify mark retired [
329 silly reify   'C:\\Users\\hye4e\\Downloads\\create-quize-main\\create-quize-main\\node_modules\\@next\\swc-win32-x64-msvc'
329 silly reify ]
330 silly reify mark retired [
330 silly reify   'C:\\Users\\hye4e\\Downloads\\create-quize-main\\create-quize-main\\node_modules\\@nodelib\\fs.scandir'
330 silly reify ]
331 silly reify mark retired [
331 silly reify   'C:\\Users\\hye4e\\Downloads\\create-quize-main\\create-quize-main\\node_modules\\@nodelib\\fs.stat'
331 silly reify ]
332 silly reify mark retired [
332 silly reify   'C:\\Users\\hye4e\\Downloads\\create-quize-main\\create-quize-main\\node_modules\\@nodelib\\fs.walk'
332 silly reify ]
333 silly reify mark retired [
333 silly reify   'C:\\Users\\hye4e\\Downloads\\create-quize-main\\create-quize-main\\node_modules\\@nolyfill\\is-core-module'
333 silly reify ]
334 silly reify mark retired [
334 silly reify   'C:\\Users\\hye4e\\Downloads\\create-quize-main\\create-quize-main\\node_modules\\@rtsao\\scc'
334 silly reify ]
335 silly reify mark retired [
335 silly reify   'C:\\Users\\hye4e\\Downloads\\create-quize-main\\create-quize-main\\node_modules\\@supabase\\auth-js'
335 silly reify ]
336 silly reify mark retired [
336 silly reify   'C:\\Users\\hye4e\\Downloads\\create-quize-main\\create-quize-main\\node_modules\\@supabase\\functions-js'
336 silly reify ]
337 silly reify mark retired [
337 silly reify   'C:\\Users\\hye4e\\Downloads\\create-quize-main\\create-quize-main\\node_modules\\@supabase\\phoenix'
337 silly reify ]
338 silly reify mark retired [
338 silly reify   'C:\\Users\\hye4e\\Downloads\\create-quize-main\\create-quize-main\\node_modules\\@supabase\\postgrest-js'
338 silly reify ]
339 silly reify mark retired [
339 silly reify   'C:\\Users\\hye4e\\Downloads\\create-quize-main\\create-quize-main\\node_modules\\@supabase\\realtime-js'
339 silly reify ]
340 silly reify mark retired [
340 silly reify   'C:\\Users\\hye4e\\Downloads\\create-quize-main\\create-quize-main\\node_modules\\@supabase\\storage-js'
340 silly reify ]
341 silly reify mark retired [
341 silly reify   'C:\\Users\\hye4e\\Downloads\\create-quize-main\\create-quize-main\\node_modules\\@supabase\\supabase-js'
341 silly reify ]
342 silly reify mark retired [
342 silly reify   'C:\\Users\\hye4e\\Downloads\\create-quize-main\\create-quize-main\\node_modules\\@tailwindcss\\node'
342 silly reify ]
343 silly reify mark retired [
343 silly reify   'C:\\Users\\hye4e\\Downloads\\create-quize-main\\create-quize-main\\node_modules\\@tailwindcss\\oxide-win32-x64-msvc'
343 silly reify ]
344 silly reify mark retired [
344 silly reify   'C:\\Users\\hye4e\\Downloads\\create-quize-main\\create-quize-main\\node_modules\\@tailwindcss\\postcss'
344 silly reify ]
345 silly reify mark retired [
345 silly reify   'C:\\Users\\hye4e\\Downloads\\create-quize-main\\create-quize-main\\node_modules\\@tybys\\wasm-util'
345 silly reify ]
346 silly reify mark retired [
346 silly reify   'C:\\Users\\hye4e\\Downloads\\create-quize-main\\create-quize-main\\node_modules\\@swc\\helpers'
346 silly reify ]
347 silly reify mark retired [
347 silly reify   'C:\\Users\\hye4e\\Downloads\\create-quize-main\\create-quize-main\\node_modules\\@tailwindcss\\oxide'
347 silly reify ]
348 silly reify mark retired [
348 silly reify   'C:\\Users\\hye4e\\Downloads\\create-quize-main\\create-quize-main\\node_modules\\@types\\estree'
348 silly reify ]
349 silly reify mark retired [
349 silly reify   'C:\\Users\\hye4e\\Downloads\\create-quize-main\\create-quize-main\\node_modules\\@types\\json-schema'
349 silly reify ]
350 silly reify mark retired [
350 silly reify   'C:\\Users\\hye4e\\Downloads\\create-quize-main\\create-quize-main\\node_modules\\@types\\json5'
350 silly reify ]
351 silly reify mark retired [
351 silly reify   'C:\\Users\\hye4e\\Downloads\\create-quize-main\\create-quize-main\\node_modules\\@types\\node'
351 silly reify ]
352 silly reify mark retired [
352 silly reify   'C:\\Users\\hye4e\\Downloads\\create-quize-main\\create-quize-main\\node_modules\\@types\\react'
352 silly reify ]
353 silly reify mark retired [
353 silly reify   'C:\\Users\\hye4e\\Downloads\\create-quize-main\\create-quize-main\\node_modules\\@types\\react-dom'
353 silly reify ]
354 silly reify mark retired [
354 silly reify   'C:\\Users\\hye4e\\Downloads\\create-quize-main\\create-quize-main\\node_modules\\@typescript-eslint\\eslint-plugin'
354 silly reify ]
355 silly reify mark retired [
355 silly reify   'C:\\Users\\hye4e\\Downloads\\create-quize-main\\create-quize-main\\node_modules\\@typescript-eslint\\parser'
355 silly reify ]
356 silly reify mark retired [
356 silly reify   'C:\\Users\\hye4e\\Downloads\\create-quize-main\\create-quize-main\\node_modules\\@typescript-eslint\\project-service'
356 silly reify ]
357 silly reify mark retired [
357 silly reify   'C:\\Users\\hye4e\\Downloads\\create-quize-main\\create-quize-main\\node_modules\\@typescript-eslint\\scope-manager'
357 silly reify ]
358 silly reify mark retired [
358 silly reify   'C:\\Users\\hye4e\\Downloads\\create-quize-main\\create-quize-main\\node_modules\\@typescript-eslint\\tsconfig-utils'
358 silly reify ]
359 silly reify mark retired [
359 silly reify   'C:\\Users\\hye4e\\Downloads\\create-quize-main\\create-quize-main\\node_modules\\@typescript-eslint\\type-utils'
359 silly reify ]
360 silly reify mark retired [
360 silly reify   'C:\\Users\\hye4e\\Downloads\\create-quize-main\\create-quize-main\\node_modules\\@typescript-eslint\\types'
360 silly reify ]
361 silly reify mark retired [
361 silly reify   'C:\\Users\\hye4e\\Downloads\\create-quize-main\\create-quize-main\\node_modules\\@typescript-eslint\\utils'
361 silly reify ]
362 silly reify mark retired [
362 silly reify   'C:\\Users\\hye4e\\Downloads\\create-quize-main\\create-quize-main\\node_modules\\@typescript-eslint\\typescript-estree'
362 silly reify ]
363 silly reify mark retired [
363 silly reify   'C:\\Users\\hye4e\\Downloads\\create-quize-main\\create-quize-main\\node_modules\\@typescript-eslint\\visitor-keys'
363 silly reify ]
364 silly reify mark retired [
364 silly reify   'C:\\Users\\hye4e\\Downloads\\create-quize-main\\create-quize-main\\node_modules\\@unrs\\resolver-binding-win32-x64-msvc'
364 silly reify ]
365 silly reify moves {
365 silly reify   'C:\\Users\\hye4e\\Downloads\\create-quize-main\\create-quize-main\\node_modules\\acorn': 'C:\\Users\\hye4e\\Downloads\\create-quize-main\\create-quize-main\\node_modules\\.acorn-SESYc0Sk',
365 silly reify   'C:\\Users\\hye4e\\Downloads\\create-quize-main\\create-quize-main\\node_modules\\acorn-jsx': 'C:\\Users\\hye4e\\Downloads\\create-quize-main\\create-quize-main\\node_modules\\.acorn-jsx-R8ckMTch',
365 silly reify   'C:\\Users\\hye4e\\Downloads\\create-quize-main\\create-quize-main\\node_modules\\ajv': 'C:\\Users\\hye4e\\Downloads\\create-quize-main\\create-quize-main\\node_modules\\.ajv-j69iXOon',
365 silly reify   'C:\\Users\\hye4e\\Downloads\\create-quize-main\\create-quize-main\\node_modules\\ansi-styles': 'C:\\Users\\hye4e\\Downloads\\create-quize-main\\create-quize-main\\node_modules\\.ansi-styles-gWvDbEYU',
365 silly reify   'C:\\Users\\hye4e\\Downloads\\create-quize-main\\create-quize-main\\node_modules\\argparse': 'C:\\Users\\hye4e\\Downloads\\create-quize-main\\create-quize-main\\node_modules\\.argparse-5RrqEUTd',
365 silly reify   'C:\\Users\\hye4e\\Downloads\\create-quize-main\\create-quize-main\\node_modules\\aria-query': 'C:\\Users\\hye4e\\Downloads\\create-quize-main\\create-quize-main\\node_modules\\.aria-query-Xqa0M3xz',
365 silly reify   'C:\\Users\\hye4e\\Downloads\\create-quize-main\\create-quize-main\\node_modules\\array-buffer-byte-length': 'C:\\Users\\hye4e\\Downloads\\create-quize-main\\create-quize-main\\node_modules\\.array-buffer-byte-length-xUfKeY7l',
365 silly reify   'C:\\Users\\hye4e\\Downloads\\create-quize-main\\create-quize-main\\node_modules\\array.prototype.findlast': 'C:\\Users\\hye4e\\Downloads\\create-quize-main\\create-quize-main\\node_modules\\.array.prototype.findlast-pXkzzSld',
365 silly reify   'C:\\Users\\hye4e\\Downloads\\create-quize-main\\create-quize-main\\node_modules\\array-includes': 'C:\\Users\\hye4e\\Downloads\\create-quize-main\\create-quize-main\\node_modules\\.array-includes-0Y8pDYth',
365 silly reify   'C:\\Users\\hye4e\\Downloads\\create-quize-main\\create-quize-main\\node_modules\\array.prototype.findlastindex': 'C:\\Users\\hye4e\\Downloads\\create-quize-main\\create-quize-main\\node_modules\\.array.prototype.findlastindex-8MV2GnMu',
365 silly reify   'C:\\Users\\hye4e\\Downloads\\create-quize-main\\create-quize-main\\node_modules\\array.prototype.flat': 'C:\\Users\\hye4e\\Downloads\\create-quize-main\\create-quize-main\\node_modules\\.array.prototype.flat-TIl1E0U6',
365 silly reify   'C:\\Users\\hye4e\\Downloads\\create-quize-main\\create-quize-main\\node_modules\\array.prototype.tosorted': 'C:\\Users\\hye4e\\Downloads\\create-quize-main\\create-quize-main\\node_modules\\.array.prototype.tosorted-uxyzAEmL',
365 silly reify   'C:\\Users\\hye4e\\Downloads\\create-quize-main\\create-quize-main\\node_modules\\arraybuffer.prototype.slice': 'C:\\Users\\hye4e\\Downloads\\create-quize-main\\create-quize-main\\node_modules\\.arraybuffer.prototype.slice-9FUhU4Cu',
365 silly reify   'C:\\Users\\hye4e\\Downloads\\create-quize-main\\create-quize-main\\node_modules\\async-function': 'C:\\Users\\hye4e\\Downloads\\create-quize-main\\create-quize-main\\node_modules\\.async-function-73H7aHmL',
365 silly reify   'C:\\Users\\hye4e\\Downloads\\create-quize-main\\create-quize-main\\node_modules\\ast-types-flow': 'C:\\Users\\hye4e\\Downloads\\create-quize-main\\create-quize-main\\node_modules\\.ast-types-flow-kE9sF0Lb',
365 silly reify   'C:\\Users\\hye4e\\Downloads\\create-quize-main\\create-quize-main\\node_modules\\available-typed-arrays': 'C:\\Users\\hye4e\\Downloads\\create-quize-main\\create-quize-main\\node_modules\\.available-typed-arrays-YinQ1Dkb',
365 silly reify   'C:\\Users\\hye4e\\Downloads\\create-quize-main\\create-quize-main\\node_modules\\array.prototype.flatmap': 'C:\\Users\\hye4e\\Downloads\\create-quize-main\\create-quize-main\\node_modules\\.array.prototype.flatmap-fptm37et',
365 silly reify   'C:\\Users\\hye4e\\Downloads\\create-quize-main\\create-quize-main\\node_modules\\axe-core': 'C:\\Users\\hye4e\\Downloads\\create-quize-main\\create-quize-main\\node_modules\\.axe-core-nIFqv0LN',
365 silly reify   'C:\\Users\\hye4e\\Downloads\\create-quize-main\\create-quize-main\\node_modules\\axobject-query': 'C:\\Users\\hye4e\\Downloads\\create-quize-main\\create-quize-main\\node_modules\\.axobject-query-NK3R194C',
365 silly reify   'C:\\Users\\hye4e\\Downloads\\create-quize-main\\create-quize-main\\node_modules\\balanced-match': 'C:\\Users\\hye4e\\Downloads\\create-quize-main\\create-quize-main\\node_modules\\.balanced-match-tNKUjebJ',
365 silly reify   'C:\\Users\\hye4e\\Downloads\\create-quize-main\\create-quize-main\\node_modules\\baseline-browser-mapping': 'C:\\Users\\hye4e\\Downloads\\create-quize-main\\create-quize-main\\node_modules\\.baseline-browser-mapping-piTeZHAV',
365 silly reify   'C:\\Users\\hye4e\\Downloads\\create-quize-main\\create-quize-main\\node_modules\\brace-expansion': 'C:\\Users\\hye4e\\Downloads\\create-quize-main\\create-quize-main\\node_modules\\.brace-expansion-givyYOC8',
365 silly reify   'C:\\Users\\hye4e\\Downloads\\create-quize-main\\create-quize-main\\node_modules\\braces': 'C:\\Users\\hye4e\\Downloads\\create-quize-main\\create-quize-main\\node_modules\\.braces-WK6AV7tz',
365 silly reify   'C:\\Users\\hye4e\\Downloads\\create-quize-main\\create-quize-main\\node_modules\\browserslist': 'C:\\Users\\hye4e\\Downloads\\create-quize-main\\create-quize-main\\node_modules\\.browserslist-q2dY8654',
365 silly reify   'C:\\Users\\hye4e\\Downloads\\create-quize-main\\create-quize-main\\node_modules\\call-bind': 'C:\\Users\\hye4e\\Downloads\\create-quize-main\\create-quize-main\\node_modules\\.call-bind-S6HtZjQu',
365 silly reify   'C:\\Users\\hye4e\\Downloads\\create-quize-main\\create-quize-main\\node_modules\\call-bound': 'C:\\Users\\hye4e\\Downloads\\create-quize-main\\create-quize-main\\node_modules\\.call-bound-75GCIa6V',
365 silly reify   'C:\\Users\\hye4e\\Downloads\\create-quize-main\\create-quize-main\\node_modules\\call-bind-apply-helpers': 'C:\\Users\\hye4e\\Downloads\\create-quize-main\\create-quize-main\\node_modules\\.call-bind-apply-helpers-B0qRwixf',
365 silly reify   'C:\\Users\\hye4e\\Downloads\\create-quize-main\\create-quize-main\\node_modules\\callsites': 'C:\\Users\\hye4e\\Downloads\\create-quize-main\\create-quize-main\\node_modules\\.callsites-o2ErSTKQ',
365 silly reify   'C:\\Users\\hye4e\\Downloads\\create-quize-main\\create-quize-main\\node_modules\\caniuse-lite': 'C:\\Users\\hye4e\\Downloads\\create-quize-main\\create-quize-main\\node_modules\\.caniuse-lite-Z4To7cWU',
365 silly reify   'C:\\Users\\hye4e\\Downloads\\create-quize-main\\create-quize-main\\node_modules\\chalk': 'C:\\Users\\hye4e\\Downloads\\create-quize-main\\create-quize-main\\node_modules\\.chalk-2rqsmtxs',
365 silly reify   'C:\\Users\\hye4e\\Downloads\\create-quize-main\\create-quize-main\\node_modules\\client-only': 'C:\\Users\\hye4e\\Downloads\\create-quize-main\\create-quize-main\\node_modules\\.client-only-V2LdWHd9',
365 silly reify   'C:\\Users\\hye4e\\Downloads\\create-quize-main\\create-quize-main\\node_modules\\color-convert': 'C:\\Users\\hye4e\\Downloads\\create-quize-main\\create-quize-main\\node_modules\\.color-convert-ZiwI3LxX',
365 silly reify   'C:\\Users\\hye4e\\Downloads\\create-quize-main\\create-quize-main\\node_modules\\color-name': 'C:\\Users\\hye4e\\Downloads\\create-quize-main\\create-quize-main\\node_modules\\.color-name-WV7NGV4Q',
365 silly reify   'C:\\Users\\hye4e\\Downloads\\create-quize-main\\create-quize-main\\node_modules\\concat-map': 'C:\\Users\\hye4e\\Downloads\\create-quize-main\\create-quize-main\\node_modules\\.concat-map-tQquWMOw',
365 silly reify   'C:\\Users\\hye4e\\Downloads\\create-quize-main\\create-quize-main\\node_modules\\cross-spawn': 'C:\\Users\\hye4e\\Downloads\\create-quize-main\\create-quize-main\\node_modules\\.cross-spawn-35LbNVCa',
365 silly reify   'C:\\Users\\hye4e\\Downloads\\create-quize-main\\create-quize-main\\node_modules\\convert-source-map': 'C:\\Users\\hye4e\\Downloads\\create-quize-main\\create-quize-main\\node_modules\\.convert-source-map-aNUOgCu1',
365 silly reify   'C:\\Users\\hye4e\\Downloads\\create-quize-main\\create-quize-main\\node_modules\\csstype': 'C:\\Users\\hye4e\\Downloads\\create-quize-main\\create-quize-main\\node_modules\\.csstype-RVIdItxk',
365 silly reify   'C:\\Users\\hye4e\\Downloads\\create-quize-main\\create-quize-main\\node_modules\\damerau-levenshtein': 'C:\\Users\\hye4e\\Downloads\\create-quize-main\\create-quize-main\\node_modules\\.damerau-levenshtein-A8mSzFyA',
365 silly reify   'C:\\Users\\hye4e\\Downloads\\create-quize-main\\create-quize-main\\node_modules\\data-view-buffer': 'C:\\Users\\hye4e\\Downloads\\create-quize-main\\create-quize-main\\node_modules\\.data-view-buffer-iRVvImDD',
365 silly reify   'C:\\Users\\hye4e\\Downloads\\create-quize-main\\create-quize-main\\node_modules\\data-view-byte-length': 'C:\\Users\\hye4e\\Downloads\\create-quize-main\\create-quize-main\\node_modules\\.data-view-byte-length-L5Cn4AQA',
365 silly reify   'C:\\Users\\hye4e\\Downloads\\create-quize-main\\create-quize-main\\node_modules\\data-view-byte-offset': 'C:\\Users\\hye4e\\Downloads\\create-quize-main\\create-quize-main\\node_modules\\.data-view-byte-offset-mvxUoU4U',
365 silly reify   'C:\\Users\\hye4e\\Downloads\\create-quize-main\\create-quize-main\\node_modules\\debug': 'C:\\Users\\hye4e\\Downloads\\create-quize-main\\create-quize-main\\node_modules\\.debug-KtRXp7rn',
365 silly reify   'C:\\Users\\hye4e\\Downloads\\create-quize-main\\create-quize-main\\node_modules\\deep-is': 'C:\\Users\\hye4e\\Downloads\\create-quize-main\\create-quize-main\\node_modules\\.deep-is-FgZ1HPBO',
365 silly reify   'C:\\Users\\hye4e\\Downloads\\create-quize-main\\create-quize-main\\node_modules\\define-data-property': 'C:\\Users\\hye4e\\Downloads\\create-quize-main\\create-quize-main\\node_modules\\.define-data-property-EE7G0Jq2',
365 silly reify   'C:\\Users\\hye4e\\Downloads\\create-quize-main\\create-quize-main\\node_modules\\define-properties': 'C:\\Users\\hye4e\\Downloads\\create-quize-main\\create-quize-main\\node_modules\\.define-properties-g6xD1imL',
365 silly reify   'C:\\Users\\hye4e\\Downloads\\create-quize-main\\create-quize-main\\node_modules\\detect-libc': 'C:\\Users\\hye4e\\Downloads\\create-quize-main\\create-quize-main\\node_modules\\.detect-libc-mdkpSrq2',
365 silly reify   'C:\\Users\\hye4e\\Downloads\\create-quize-main\\create-quize-main\\node_modules\\doctrine': 'C:\\Users\\hye4e\\Downloads\\create-quize-main\\create-quize-main\\node_modules\\.doctrine-9o0DV01P',
365 silly reify   'C:\\Users\\hye4e\\Downloads\\create-quize-main\\create-quize-main\\node_modules\\electron-to-chromium': 'C:\\Users\\hye4e\\Downloads\\create-quize-main\\create-quize-main\\node_modules\\.electron-to-chromium-wtIsFH4y',
365 silly reify   'C:\\Users\\hye4e\\Downloads\\create-quize-main\\create-quize-main\\node_modules\\dunder-proto': 'C:\\Users\\hye4e\\Downloads\\create-quize-main\\create-quize-main\\node_modules\\.dunder-proto-ve7XIilP',
365 silly reify   'C:\\Users\\hye4e\\Downloads\\create-quize-main\\create-quize-main\\node_modules\\enhanced-resolve': 'C:\\Users\\hye4e\\Downloads\\create-quize-main\\create-quize-main\\node_modules\\.enhanced-resolve-YuUQDcgI',
365 silly reify   'C:\\Users\\hye4e\\Downloads\\create-quize-main\\create-quize-main\\node_modules\\emoji-regex': 'C:\\Users\\hye4e\\Downloads\\create-quize-main\\create-quize-main\\node_modules\\.emoji-regex-PeRWVXZN',
365 silly reify   'C:\\Users\\hye4e\\Downloads\\create-quize-main\\create-quize-main\\node_modules\\es-abstract': 'C:\\Users\\hye4e\\Downloads\\create-quize-main\\create-quize-main\\node_modules\\.es-abstract-77esf1m1',
365 silly reify   'C:\\Users\\hye4e\\Downloads\\create-quize-main\\create-quize-main\\node_modules\\es-errors': 'C:\\Users\\hye4e\\Downloads\\create-quize-main\\create-quize-main\\node_modules\\.es-errors-tS7Y5Ezz',
365 silly reify   'C:\\Users\\hye4e\\Downloads\\create-quize-main\\create-quize-main\\node_modules\\es-iterator-helpers': 'C:\\Users\\hye4e\\Downloads\\create-quize-main\\create-quize-main\\node_modules\\.es-iterator-helpers-Yd2zBEoF',
365 silly reify   'C:\\Users\\hye4e\\Downloads\\create-quize-main\\create-quize-main\\node_modules\\es-object-atoms': 'C:\\Users\\hye4e\\Downloads\\create-quize-main\\create-quize-main\\node_modules\\.es-object-atoms-1s7AN5Th',
365 silly reify   'C:\\Users\\hye4e\\Downloads\\create-quize-main\\create-quize-main\\node_modules\\es-define-property': 'C:\\Users\\hye4e\\Downloads\\create-quize-main\\create-quize-main\\node_modules\\.es-define-property-wFfsXQOO',
365 silly reify   'C:\\Users\\hye4e\\Downloads\\create-quize-main\\create-quize-main\\node_modules\\es-to-primitive': 'C:\\Users\\hye4e\\Downloads\\create-quize-main\\create-quize-main\\node_modules\\.es-to-primitive-LCUf3RU2',
365 silly reify   'C:\\Users\\hye4e\\Downloads\\create-quize-main\\create-quize-main\\node_modules\\es-set-tostringtag': 'C:\\Users\\hye4e\\Downloads\\create-quize-main\\create-quize-main\\node_modules\\.es-set-tostringtag-mfCyTbtD',
365 silly reify   'C:\\Users\\hye4e\\Downloads\\create-quize-main\\create-quize-main\\node_modules\\escalade': 'C:\\Users\\hye4e\\Downloads\\create-quize-main\\create-quize-main\\node_modules\\.escalade-nRX6NXYd',
365 silly reify   'C:\\Users\\hye4e\\Downloads\\create-quize-main\\create-quize-main\\node_modules\\es-shim-unscopables': 'C:\\Users\\hye4e\\Downloads\\create-quize-main\\create-quize-main\\node_modules\\.es-shim-unscopables-L8wddOk6',
365 silly reify   'C:\\Users\\hye4e\\Downloads\\create-quize-main\\create-quize-main\\node_modules\\escape-string-regexp': 'C:\\Users\\hye4e\\Downloads\\create-quize-main\\create-quize-main\\node_modules\\.escape-string-regexp-hVu3a655',
365 silly reify   'C:\\Users\\hye4e\\Downloads\\create-quize-main\\create-quize-main\\node_modules\\eslint': 'C:\\Users\\hye4e\\Downloads\\create-quize-main\\create-quize-main\\node_modules\\.eslint-CxrWN292',
365 silly reify   'C:\\Users\\hye4e\\Downloads\\create-quize-main\\create-quize-main\\node_modules\\eslint-config-next': 'C:\\Users\\hye4e\\Downloads\\create-quize-main\\create-quize-main\\node_modules\\.eslint-config-next-vezMbVmQ',
365 silly reify   'C:\\Users\\hye4e\\Downloads\\create-quize-main\\create-quize-main\\node_modules\\eslint-import-resolver-node': 'C:\\Users\\hye4e\\Downloads\\create-quize-main\\create-quize-main\\node_modules\\.eslint-import-resolver-node-gimS37gY',
365 silly reify   'C:\\Users\\hye4e\\Downloads\\create-quize-main\\create-quize-main\\node_modules\\eslint-import-resolver-typescript': 'C:\\Users\\hye4e\\Downloads\\create-quize-main\\create-quize-main\\node_modules\\.eslint-import-resolver-typescript-BBIz4k4l',
365 silly reify   'C:\\Users\\hye4e\\Downloads\\create-quize-main\\create-quize-main\\node_modules\\eslint-module-utils': 'C:\\Users\\hye4e\\Downloads\\create-quize-main\\create-quize-main\\node_modules\\.eslint-module-utils-QyKSgO2O',
365 silly reify   'C:\\Users\\hye4e\\Downloads\\create-quize-main\\create-quize-main\\node_modules\\eslint-plugin-import': 'C:\\Users\\hye4e\\Downloads\\create-quize-main\\create-quize-main\\node_modules\\.eslint-plugin-import-5iqiT0al',
365 silly reify   'C:\\Users\\hye4e\\Downloads\\create-quize-main\\create-quize-main\\node_modules\\eslint-plugin-jsx-a11y': 'C:\\Users\\hye4e\\Downloads\\create-quize-main\\create-quize-main\\node_modules\\.eslint-plugin-jsx-a11y-mZOgbDkA',
365 silly reify   'C:\\Users\\hye4e\\Downloads\\create-quize-main\\create-quize-main\\node_modules\\eslint-plugin-react': 'C:\\Users\\hye4e\\Downloads\\create-quize-main\\create-quize-main\\node_modules\\.eslint-plugin-react-EWou1SJs',
365 silly reify   'C:\\Users\\hye4e\\Downloads\\create-quize-main\\create-quize-main\\node_modules\\eslint-plugin-react-hooks': 'C:\\Users\\hye4e\\Downloads\\create-quize-main\\create-quize-main\\node_modules\\.eslint-plugin-react-hooks-bKNyIZf8',
365 silly reify   'C:\\Users\\hye4e\\Downloads\\create-quize-main\\create-quize-main\\node_modules\\eslint-scope': 'C:\\Users\\hye4e\\Downloads\\create-quize-main\\create-quize-main\\node_modules\\.eslint-scope-rSDlLkXo',
365 silly reify   'C:\\Users\\hye4e\\Downloads\\create-quize-main\\create-quize-main\\node_modules\\eslint-visitor-keys': 'C:\\Users\\hye4e\\Downloads\\create-quize-main\\create-quize-main\\node_modules\\.eslint-visitor-keys-7nlwzjyL',
365 silly reify   'C:\\Users\\hye4e\\Downloads\\create-quize-main\\create-quize-main\\node_modules\\espree': 'C:\\Users\\hye4e\\Downloads\\create-quize-main\\create-quize-main\\node_modules\\.espree-4RNLxxSM',
365 silly reify   'C:\\Users\\hye4e\\Downloads\\create-quize-main\\create-quize-main\\node_modules\\esquery': 'C:\\Users\\hye4e\\Downloads\\create-quize-main\\create-quize-main\\node_modules\\.esquery-lphaaixx',
365 silly reify   'C:\\Users\\hye4e\\Downloads\\create-quize-main\\create-quize-main\\node_modules\\esrecurse': 'C:\\Users\\hye4e\\Downloads\\create-quize-main\\create-quize-main\\node_modules\\.esrecurse-rskHEFSs',
365 silly reify   'C:\\Users\\hye4e\\Downloads\\create-quize-main\\create-quize-main\\node_modules\\estraverse': 'C:\\Users\\hye4e\\Downloads\\create-quize-main\\create-quize-main\\node_modules\\.estraverse-POXWmNa3',
365 silly reify   'C:\\Users\\hye4e\\Downloads\\create-quize-main\\create-quize-main\\node_modules\\fast-deep-equal': 'C:\\Users\\hye4e\\Downloads\\create-quize-main\\create-quize-main\\node_modules\\.fast-deep-equal-YcmAgqI6',
365 silly reify   'C:\\Users\\hye4e\\Downloads\\create-quize-main\\create-quize-main\\node_modules\\esutils': 'C:\\Users\\hye4e\\Downloads\\create-quize-main\\create-quize-main\\node_modules\\.esutils-0DUOyDMB',
365 silly reify   'C:\\Users\\hye4e\\Downloads\\create-quize-main\\create-quize-main\\node_modules\\fast-glob': 'C:\\Users\\hye4e\\Downloads\\create-quize-main\\create-quize-main\\node_modules\\.fast-glob-RJcwlXAb',
365 silly reify   'C:\\Users\\hye4e\\Downloads\\create-quize-main\\create-quize-main\\node_modules\\fast-json-stable-stringify': 'C:\\Users\\hye4e\\Downloads\\create-quize-main\\create-quize-main\\node_modules\\.fast-json-stable-stringify-FgXn0Ux2',
365 silly reify   'C:\\Users\\hye4e\\Downloads\\create-quize-main\\create-quize-main\\node_modules\\fastq': 'C:\\Users\\hye4e\\Downloads\\create-quize-main\\create-quize-main\\node_modules\\.fastq-jCEUWsjv',
365 silly reify   'C:\\Users\\hye4e\\Downloads\\create-quize-main\\create-quize-main\\node_modules\\fast-levenshtein': 'C:\\Users\\hye4e\\Downloads\\create-quize-main\\create-quize-main\\node_modules\\.fast-levenshtein-TCuSFLMl',
365 silly reify   'C:\\Users\\hye4e\\Downloads\\create-quize-main\\create-quize-main\\node_modules\\file-entry-cache': 'C:\\Users\\hye4e\\Downloads\\create-quize-main\\create-quize-main\\node_modules\\.file-entry-cache-MARZsktZ',
365 silly reify   'C:\\Users\\hye4e\\Downloads\\create-quize-main\\create-quize-main\\node_modules\\fill-range': 'C:\\Users\\hye4e\\Downloads\\create-quize-main\\create-quize-main\\node_modules\\.fill-range-i2STOLbF',
365 silly reify   'C:\\Users\\hye4e\\Downloads\\create-quize-main\\create-quize-main\\node_modules\\find-up': 'C:\\Users\\hye4e\\Downloads\\create-quize-main\\create-quize-main\\node_modules\\.find-up-kltHoqbH',
365 silly reify   'C:\\Users\\hye4e\\Downloads\\create-quize-main\\create-quize-main\\node_modules\\flat-cache': 'C:\\Users\\hye4e\\Downloads\\create-quize-main\\create-quize-main\\node_modules\\.flat-cache-PSdhB25Q',
365 silly reify   'C:\\Users\\hye4e\\Downloads\\create-quize-main\\create-quize-main\\node_modules\\flatted': 'C:\\Users\\hye4e\\Downloads\\create-quize-main\\create-quize-main\\node_modules\\.flatted-YnL38oPf',
365 silly reify   'C:\\Users\\hye4e\\Downloads\\create-quize-main\\create-quize-main\\node_modules\\function.prototype.name': 'C:\\Users\\hye4e\\Downloads\\create-quize-main\\create-quize-main\\node_modules\\.function.prototype.name-9IuH1E2r',
365 silly reify   'C:\\Users\\hye4e\\Downloads\\create-quize-main\\create-quize-main\\node_modules\\generator-function': 'C:\\Users\\hye4e\\Downloads\\create-quize-main\\create-quize-main\\node_modules\\.generator-function-4ifewUyA',
365 silly reify   'C:\\Users\\hye4e\\Downloads\\create-quize-main\\create-quize-main\\node_modules\\for-each': 'C:\\Users\\hye4e\\Downloads\\create-quize-main\\create-quize-main\\node_modules\\.for-each-vGmdehTD',
365 silly reify   'C:\\Users\\hye4e\\Downloads\\create-quize-main\\create-quize-main\\node_modules\\functions-have-names': 'C:\\Users\\hye4e\\Downloads\\create-quize-main\\create-quize-main\\node_modules\\.functions-have-names-j4KkNKTu',
365 silly reify   'C:\\Users\\hye4e\\Downloads\\create-quize-main\\create-quize-main\\node_modules\\gensync': 'C:\\Users\\hye4e\\Downloads\\create-quize-main\\create-quize-main\\node_modules\\.gensync-QfigKpik',
365 silly reify   'C:\\Users\\hye4e\\Downloads\\create-quize-main\\create-quize-main\\node_modules\\get-intrinsic': 'C:\\Users\\hye4e\\Downloads\\create-quize-main\\create-quize-main\\node_modules\\.get-intrinsic-7MzrGg02',
365 silly reify   'C:\\Users\\hye4e\\Downloads\\create-quize-main\\create-quize-main\\node_modules\\get-proto': 'C:\\Users\\hye4e\\Downloads\\create-quize-main\\create-quize-main\\node_modules\\.get-proto-DKcgN4oL',
365 silly reify   'C:\\Users\\hye4e\\Downloads\\create-quize-main\\create-quize-main\\node_modules\\function-bind': 'C:\\Users\\hye4e\\Downloads\\create-quize-main\\create-quize-main\\node_modules\\.function-bind-9l5YjFzi',
365 silly reify   'C:\\Users\\hye4e\\Downloads\\create-quize-main\\create-quize-main\\node_modules\\get-symbol-description': 'C:\\Users\\hye4e\\Downloads\\create-quize-main\\create-quize-main\\node_modules\\.get-symbol-description-0FVeUbCw',
365 silly reify   'C:\\Users\\hye4e\\Downloads\\create-quize-main\\create-quize-main\\node_modules\\get-tsconfig': 'C:\\Users\\hye4e\\Downloads\\create-quize-main\\create-quize-main\\node_modules\\.get-tsconfig-CcENM7zO',
365 silly reify   'C:\\Users\\hye4e\\Downloads\\create-quize-main\\create-quize-main\\node_modules\\glob-parent': 'C:\\Users\\hye4e\\Downloads\\create-quize-main\\create-quize-main\\node_modules\\.glob-parent-nAByXrci',
365 silly reify   'C:\\Users\\hye4e\\Downloads\\create-quize-main\\create-quize-main\\node_modules\\globalthis': 'C:\\Users\\hye4e\\Downloads\\create-quize-main\\create-quize-main\\node_modules\\.globalthis-QgUccPi7',
365 silly reify   'C:\\Users\\hye4e\\Downloads\\create-quize-main\\create-quize-main\\node_modules\\globals': 'C:\\Users\\hye4e\\Downloads\\create-quize-main\\create-quize-main\\node_modules\\.globals-YgORXU0b',
365 silly reify   'C:\\Users\\hye4e\\Downloads\\create-quize-main\\create-quize-main\\node_modules\\gopd': 'C:\\Users\\hye4e\\Downloads\\create-quize-main\\create-quize-main\\node_modules\\.gopd-5PqREsVY',
365 silly reify   'C:\\Users\\hye4e\\Downloads\\create-quize-main\\create-quize-main\\node_modules\\graceful-fs': 'C:\\Users\\hye4e\\Downloads\\create-quize-main\\create-quize-main\\node_modules\\.graceful-fs-gqTUrqin',
365 silly reify   'C:\\Users\\hye4e\\Downloads\\create-quize-main\\create-quize-main\\node_modules\\has-bigints': 'C:\\Users\\hye4e\\Downloads\\create-quize-main\\create-quize-main\\node_modules\\.has-bigints-HJ1JHS3D',
365 silly reify   'C:\\Users\\hye4e\\Downloads\\create-quize-main\\create-quize-main\\node_modules\\has-flag': 'C:\\Users\\hye4e\\Downloads\\create-quize-main\\create-quize-main\\node_modules\\.has-flag-1joNJnAv',
365 silly reify   'C:\\Users\\hye4e\\Downloads\\create-quize-main\\create-quize-main\\node_modules\\has-proto': 'C:\\Users\\hye4e\\Downloads\\create-quize-main\\create-quize-main\\node_modules\\.has-proto-YS5kbLRK',
365 silly reify   'C:\\Users\\hye4e\\Downloads\\create-quize-main\\create-quize-main\\node_modules\\has-property-descriptors': 'C:\\Users\\hye4e\\Downloads\\create-quize-main\\create-quize-main\\node_modules\\.has-property-descriptors-5TBdO9UY',
365 silly reify   'C:\\Users\\hye4e\\Downloads\\create-quize-main\\create-quize-main\\node_modules\\has-symbols': 'C:\\Users\\hye4e\\Downloads\\create-quize-main\\create-quize-main\\node_modules\\.has-symbols-HFe7GO96',
365 silly reify   'C:\\Users\\hye4e\\Downloads\\create-quize-main\\create-quize-main\\node_modules\\has-tostringtag': 'C:\\Users\\hye4e\\Downloads\\create-quize-main\\create-quize-main\\node_modules\\.has-tostringtag-lUUL51FE',
365 silly reify   'C:\\Users\\hye4e\\Downloads\\create-quize-main\\create-quize-main\\node_modules\\hasown': 'C:\\Users\\hye4e\\Downloads\\create-quize-main\\create-quize-main\\node_modules\\.hasown-UIOZiKnJ',
365 silly reify   'C:\\Users\\hye4e\\Downloads\\create-quize-main\\create-quize-main\\node_modules\\hermes-parser': 'C:\\Users\\hye4e\\Downloads\\create-quize-main\\create-quize-main\\node_modules\\.hermes-parser-YQcetUds',
365 silly reify   'C:\\Users\\hye4e\\Downloads\\create-quize-main\\create-quize-main\\node_modules\\hermes-estree': 'C:\\Users\\hye4e\\Downloads\\create-quize-main\\create-quize-main\\node_modules\\.hermes-estree-Jq3fHgdE',
365 silly reify   'C:\\Users\\hye4e\\Downloads\\create-quize-main\\create-quize-main\\node_modules\\iceberg-js': 'C:\\Users\\hye4e\\Downloads\\create-quize-main\\create-quize-main\\node_modules\\.iceberg-js-sSwtQlLx',
365 silly reify   'C:\\Users\\hye4e\\Downloads\\create-quize-main\\create-quize-main\\node_modules\\ignore': 'C:\\Users\\hye4e\\Downloads\\create-quize-main\\create-quize-main\\node_modules\\.ignore-X6wLtH8X',
365 silly reify   'C:\\Users\\hye4e\\Downloads\\create-quize-main\\create-quize-main\\node_modules\\imurmurhash': 'C:\\Users\\hye4e\\Downloads\\create-quize-main\\create-quize-main\\node_modules\\.imurmurhash-kdjudCce',
365 silly reify   'C:\\Users\\hye4e\\Downloads\\create-quize-main\\create-quize-main\\node_modules\\import-fresh': 'C:\\Users\\hye4e\\Downloads\\create-quize-main\\create-quize-main\\node_modules\\.import-fresh-GeMddAgG',
365 silly reify   'C:\\Users\\hye4e\\Downloads\\create-quize-main\\create-quize-main\\node_modules\\internal-slot': 'C:\\Users\\hye4e\\Downloads\\create-quize-main\\create-quize-main\\node_modules\\.internal-slot-8ES2O23b',
365 silly reify   'C:\\Users\\hye4e\\Downloads\\create-quize-main\\create-quize-main\\node_modules\\is-array-buffer': 'C:\\Users\\hye4e\\Downloads\\create-quize-main\\create-quize-main\\node_modules\\.is-array-buffer-tfcCH9C1',
365 silly reify   'C:\\Users\\hye4e\\Downloads\\create-quize-main\\create-quize-main\\node_modules\\is-bigint': 'C:\\Users\\hye4e\\Downloads\\create-quize-main\\create-quize-main\\node_modules\\.is-bigint-OgGhC3wb',
365 silly reify   'C:\\Users\\hye4e\\Downloads\\create-quize-main\\create-quize-main\\node_modules\\is-boolean-object': 'C:\\Users\\hye4e\\Downloads\\create-quize-main\\create-quize-main\\node_modules\\.is-boolean-object-SqLcKrtq',
365 silly reify   'C:\\Users\\hye4e\\Downloads\\create-quize-main\\create-quize-main\\node_modules\\is-bun-module': 'C:\\Users\\hye4e\\Downloads\\create-quize-main\\create-quize-main\\node_modules\\.is-bun-module-YK05Nxgd',
365 silly reify   'C:\\Users\\hye4e\\Downloads\\create-quize-main\\create-quize-main\\node_modules\\is-callable': 'C:\\Users\\hye4e\\Downloads\\create-quize-main\\create-quize-main\\node_modules\\.is-callable-6YY7Fqiu',
365 silly reify   'C:\\Users\\hye4e\\Downloads\\create-quize-main\\create-quize-main\\node_modules\\is-async-function': 'C:\\Users\\hye4e\\Downloads\\create-quize-main\\create-quize-main\\node_modules\\.is-async-function-xZKVznSb',
365 silly reify   'C:\\Users\\hye4e\\Downloads\\create-quize-main\\create-quize-main\\node_modules\\is-date-object': 'C:\\Users\\hye4e\\Downloads\\create-quize-main\\create-quize-main\\node_modules\\.is-date-object-rTbxHAyX',
365 silly reify   'C:\\Users\\hye4e\\Downloads\\create-quize-main\\create-quize-main\\node_modules\\is-data-view': 'C:\\Users\\hye4e\\Downloads\\create-quize-main\\create-quize-main\\node_modules\\.is-data-view-6MU1XTEn',
365 silly reify   'C:\\Users\\hye4e\\Downloads\\create-quize-main\\create-quize-main\\node_modules\\is-extglob': 'C:\\Users\\hye4e\\Downloads\\create-quize-main\\create-quize-main\\node_modules\\.is-extglob-2VrbpFdm',
365 silly reify   'C:\\Users\\hye4e\\Downloads\\create-quize-main\\create-quize-main\\node_modules\\is-finalizationregistry': 'C:\\Users\\hye4e\\Downloads\\create-quize-main\\create-quize-main\\node_modules\\.is-finalizationregistry-fkbJL9Dt',
365 silly reify   'C:\\Users\\hye4e\\Downloads\\create-quize-main\\create-quize-main\\node_modules\\is-generator-function': 'C:\\Users\\hye4e\\Downloads\\create-quize-main\\create-quize-main\\node_modules\\.is-generator-function-2HlyoE9B',
365 silly reify   'C:\\Users\\hye4e\\Downloads\\create-quize-main\\create-quize-main\\node_modules\\is-map': 'C:\\Users\\hye4e\\Downloads\\create-quize-main\\create-quize-main\\node_modules\\.is-map-8CQsVSUF',
365 silly reify   'C:\\Users\\hye4e\\Downloads\\create-quize-main\\create-quize-main\\node_modules\\is-negative-zero': 'C:\\Users\\hye4e\\Downloads\\create-quize-main\\create-quize-main\\node_modules\\.is-negative-zero-DtF8uLfZ',
365 silly reify   'C:\\Users\\hye4e\\Downloads\\create-quize-main\\create-quize-main\\node_modules\\is-glob': 'C:\\Users\\hye4e\\Downloads\\create-quize-main\\create-quize-main\\node_modules\\.is-glob-ntO2cdaK',
365 silly reify   'C:\\Users\\hye4e\\Downloads\\create-quize-main\\create-quize-main\\node_modules\\is-number': 'C:\\Users\\hye4e\\Downloads\\create-quize-main\\create-quize-main\\node_modules\\.is-number-kMnHg6iw',
365 silly reify   'C:\\Users\\hye4e\\Downloads\\create-quize-main\\create-quize-main\\node_modules\\is-number-object': 'C:\\Users\\hye4e\\Downloads\\create-quize-main\\create-quize-main\\node_modules\\.is-number-object-0kWjWsip',
365 silly reify   'C:\\Users\\hye4e\\Downloads\\create-quize-main\\create-quize-main\\node_modules\\is-core-module': 'C:\\Users\\hye4e\\Downloads\\create-quize-main\\create-quize-main\\node_modules\\.is-core-module-XTWXdcaJ',
365 silly reify   'C:\\Users\\hye4e\\Downloads\\create-quize-main\\create-quize-main\\node_modules\\is-regex': 'C:\\Users\\hye4e\\Downloads\\create-quize-main\\create-quize-main\\node_modules\\.is-regex-Ad0aIFLZ',
365 silly reify   'C:\\Users\\hye4e\\Downloads\\create-quize-main\\create-quize-main\\node_modules\\is-set': 'C:\\Users\\hye4e\\Downloads\\create-quize-main\\create-quize-main\\node_modules\\.is-set-wCAQDPit',
365 silly reify   'C:\\Users\\hye4e\\Downloads\\create-quize-main\\create-quize-main\\node_modules\\is-shared-array-buffer': 'C:\\Users\\hye4e\\Downloads\\create-quize-main\\create-quize-main\\node_modules\\.is-shared-array-buffer-NiE4KCUS',
365 silly reify   'C:\\Users\\hye4e\\Downloads\\create-quize-main\\create-quize-main\\node_modules\\is-string': 'C:\\Users\\hye4e\\Downloads\\create-quize-main\\create-quize-main\\node_modules\\.is-string-IYatu1NC',
365 silly reify   'C:\\Users\\hye4e\\Downloads\\create-quize-main\\create-quize-main\\node_modules\\is-symbol': 'C:\\Users\\hye4e\\Downloads\\create-quize-main\\create-quize-main\\node_modules\\.is-symbol-BKVnN1WB',
365 silly reify   'C:\\Users\\hye4e\\Downloads\\create-quize-main\\create-quize-main\\node_modules\\is-weakmap': 'C:\\Users\\hye4e\\Downloads\\create-quize-main\\create-quize-main\\node_modules\\.is-weakmap-7Uqu34SD',
365 silly reify   'C:\\Users\\hye4e\\Downloads\\create-quize-main\\create-quize-main\\node_modules\\is-weakset': 'C:\\Users\\hye4e\\Downloads\\create-quize-main\\create-quize-main\\node_modules\\.is-weakset-cYneGYUm',
365 silly reify   'C:\\Users\\hye4e\\Downloads\\create-quize-main\\create-quize-main\\node_modules\\is-typed-array': 'C:\\Users\\hye4e\\Downloads\\create-quize-main\\create-quize-main\\node_modules\\.is-typed-array-plZvXdWm',
365 silly reify   'C:\\Users\\hye4e\\Downloads\\create-quize-main\\create-quize-main\\node_modules\\is-weakref': 'C:\\Users\\hye4e\\Downloads\\create-quize-main\\create-quize-main\\node_modules\\.is-weakref-OfaaJGKQ',
365 silly reify   'C:\\Users\\hye4e\\Downloads\\create-quize-main\\create-quize-main\\node_modules\\isexe': 'C:\\Users\\hye4e\\Downloads\\create-quize-main\\create-quize-main\\node_modules\\.isexe-YfulcRKW',
365 silly reify   'C:\\Users\\hye4e\\Downloads\\create-quize-main\\create-quize-main\\node_modules\\isarray': 'C:\\Users\\hye4e\\Downloads\\create-quize-main\\create-quize-main\\node_modules\\.isarray-W7HWS7mr',
365 silly reify   'C:\\Users\\hye4e\\Downloads\\create-quize-main\\create-quize-main\\node_modules\\iterator.prototype': 'C:\\Users\\hye4e\\Downloads\\create-quize-main\\create-quize-main\\node_modules\\.iterator.prototype-Oo2Cs7gu',
365 silly reify   'C:\\Users\\hye4e\\Downloads\\create-quize-main\\create-quize-main\\node_modules\\jiti': 'C:\\Users\\hye4e\\Downloads\\create-quize-main\\create-quize-main\\node_modules\\.jiti-yvn1U8Ue',
365 silly reify   'C:\\Users\\hye4e\\Downloads\\create-quize-main\\create-quize-main\\node_modules\\js-tokens': 'C:\\Users\\hye4e\\Downloads\\create-quize-main\\create-quize-main\\node_modules\\.js-tokens-oFcZL40A',
365 silly reify   'C:\\Users\\hye4e\\Downloads\\create-quize-main\\create-quize-main\\node_modules\\js-yaml': 'C:\\Users\\hye4e\\Downloads\\create-quize-main\\create-quize-main\\node_modules\\.js-yaml-ZqjBiOPR',
365 silly reify   'C:\\Users\\hye4e\\Downloads\\create-quize-main\\create-quize-main\\node_modules\\jsesc': 'C:\\Users\\hye4e\\Downloads\\create-quize-main\\create-quize-main\\node_modules\\.jsesc-YIntzILH',
365 silly reify   'C:\\Users\\hye4e\\Downloads\\create-quize-main\\create-quize-main\\node_modules\\json-buffer': 'C:\\Users\\hye4e\\Downloads\\create-quize-main\\create-quize-main\\node_modules\\.json-buffer-kgR0FgKq',
365 silly reify   'C:\\Users\\hye4e\\Downloads\\create-quize-main\\create-quize-main\\node_modules\\json-schema-traverse': 'C:\\Users\\hye4e\\Downloads\\create-quize-main\\create-quize-main\\node_modules\\.json-schema-traverse-B20f5QT3',
365 silly reify   'C:\\Users\\hye4e\\Downloads\\create-quize-main\\create-quize-main\\node_modules\\json-stable-stringify-without-jsonify': 'C:\\Users\\hye4e\\Downloads\\create-quize-main\\create-quize-main\\node_modules\\.json-stable-stringify-without-jsonify-d5Zivzl8',
365 silly reify   'C:\\Users\\hye4e\\Downloads\\create-quize-main\\create-quize-main\\node_modules\\json5': 'C:\\Users\\hye4e\\Downloads\\create-quize-main\\create-quize-main\\node_modules\\.json5-ElITJ4EM',
365 silly reify   'C:\\Users\\hye4e\\Downloads\\create-quize-main\\create-quize-main\\node_modules\\keyv': 'C:\\Users\\hye4e\\Downloads\\create-quize-main\\create-quize-main\\node_modules\\.keyv-yoObYCmy',
365 silly reify   'C:\\Users\\hye4e\\Downloads\\create-quize-main\\create-quize-main\\node_modules\\jsx-ast-utils': 'C:\\Users\\hye4e\\Downloads\\create-quize-main\\create-quize-main\\node_modules\\.jsx-ast-utils-vO3HDHAP',
365 silly reify   'C:\\Users\\hye4e\\Downloads\\create-quize-main\\create-quize-main\\node_modules\\language-subtag-registry': 'C:\\Users\\hye4e\\Downloads\\create-quize-main\\create-quize-main\\node_modules\\.language-subtag-registry-YFSlaGui',
365 silly reify   'C:\\Users\\hye4e\\Downloads\\create-quize-main\\create-quize-main\\node_modules\\language-tags': 'C:\\Users\\hye4e\\Downloads\\create-quize-main\\create-quize-main\\node_modules\\.language-tags-Yb8SyhAZ',
365 silly reify   'C:\\Users\\hye4e\\Downloads\\create-quize-main\\create-quize-main\\node_modules\\levn': 'C:\\Users\\hye4e\\Downloads\\create-quize-main\\create-quize-main\\node_modules\\.levn-J79aMLGx',
365 silly reify   'C:\\Users\\hye4e\\Downloads\\create-quize-main\\create-quize-main\\node_modules\\lightningcss': 'C:\\Users\\hye4e\\Downloads\\create-quize-main\\create-quize-main\\node_modules\\.lightningcss-8CQcf6AZ',
365 silly reify   'C:\\Users\\hye4e\\Downloads\\create-quize-main\\create-quize-main\\node_modules\\lightningcss-win32-x64-msvc': 'C:\\Users\\hye4e\\Downloads\\create-quize-main\\create-quize-main\\node_modules\\.lightningcss-win32-x64-msvc-ulUZlJ1s',
365 silly reify   'C:\\Users\\hye4e\\Downloads\\create-quize-main\\create-quize-main\\node_modules\\locate-path': 'C:\\Users\\hye4e\\Downloads\\create-quize-main\\create-quize-main\\node_modules\\.locate-path-g7Lh6Qkl',
365 silly reify   'C:\\Users\\hye4e\\Downloads\\create-quize-main\\create-quize-main\\node_modules\\lodash.merge': 'C:\\Users\\hye4e\\Downloads\\create-quize-main\\create-quize-main\\node_modules\\.lodash.merge-nnmIulc1',
365 silly reify   'C:\\Users\\hye4e\\Downloads\\create-quize-main\\create-quize-main\\node_modules\\loose-envify': 'C:\\Users\\hye4e\\Downloads\\create-quize-main\\create-quize-main\\node_modules\\.loose-envify-eKRVqFr6',
365 silly reify   'C:\\Users\\hye4e\\Downloads\\create-quize-main\\create-quize-main\\node_modules\\lru-cache': 'C:\\Users\\hye4e\\Downloads\\create-quize-main\\create-quize-main\\node_modules\\.lru-cache-hOo7zCdd',
365 silly reify   'C:\\Users\\hye4e\\Downloads\\create-quize-main\\create-quize-main\\node_modules\\math-intrinsics': 'C:\\Users\\hye4e\\Downloads\\create-quize-main\\create-quize-main\\node_modules\\.math-intrinsics-efEY7CSC',
365 silly reify   'C:\\Users\\hye4e\\Downloads\\create-quize-main\\create-quize-main\\node_modules\\merge2': 'C:\\Users\\hye4e\\Downloads\\create-quize-main\\create-quize-main\\node_modules\\.merge2-zCwJcLUO',
365 silly reify   'C:\\Users\\hye4e\\Downloads\\create-quize-main\\create-quize-main\\node_modules\\micromatch': 'C:\\Users\\hye4e\\Downloads\\create-quize-main\\create-quize-main\\node_modules\\.micromatch-zfztoxkM',
365 silly reify   'C:\\Users\\hye4e\\Downloads\\create-quize-main\\create-quize-main\\node_modules\\minimatch': 'C:\\Users\\hye4e\\Downloads\\create-quize-main\\create-quize-main\\node_modules\\.minimatch-2zdVmfvm',
365 silly reify   'C:\\Users\\hye4e\\Downloads\\create-quize-main\\create-quize-main\\node_modules\\minimist': 'C:\\Users\\hye4e\\Downloads\\create-quize-main\\create-quize-main\\node_modules\\.minimist-mp16hK4q',
365 silly reify   'C:\\Users\\hye4e\\Downloads\\create-quize-main\\create-quize-main\\node_modules\\ms': 'C:\\Users\\hye4e\\Downloads\\create-quize-main\\create-quize-main\\node_modules\\.ms-LqwIrjjB',
365 silly reify   'C:\\Users\\hye4e\\Downloads\\create-quize-main\\create-quize-main\\node_modules\\nanoid': 'C:\\Users\\hye4e\\Downloads\\create-quize-main\\create-quize-main\\node_modules\\.nanoid-JYwR64yE',
365 silly reify   'C:\\Users\\hye4e\\Downloads\\create-quize-main\\create-quize-main\\node_modules\\napi-postinstall': 'C:\\Users\\hye4e\\Downloads\\create-quize-main\\create-quize-main\\node_modules\\.napi-postinstall-BgK36l6W',
365 silly reify   'C:\\Users\\hye4e\\Downloads\\create-quize-main\\create-quize-main\\node_modules\\natural-compare': 'C:\\Users\\hye4e\\Downloads\\create-quize-main\\create-quize-main\\node_modules\\.natural-compare-F0evcJ3z',
365 silly reify   'C:\\Users\\hye4e\\Downloads\\create-quize-main\\create-quize-main\\node_modules\\magic-string': 'C:\\Users\\hye4e\\Downloads\\create-quize-main\\create-quize-main\\node_modules\\.magic-string-edpP9KEz',
365 silly reify   'C:\\Users\\hye4e\\Downloads\\create-quize-main\\create-quize-main\\node_modules\\next': 'C:\\Users\\hye4e\\Downloads\\create-quize-main\\create-quize-main\\node_modules\\.next-DmdBKFE7',
365 silly reify   'C:\\Users\\hye4e\\Downloads\\create-quize-main\\create-quize-main\\node_modules\\node-releases': 'C:\\Users\\hye4e\\Downloads\\create-quize-main\\create-quize-main\\node_modules\\.node-releases-bVgasjua',
365 silly reify   'C:\\Users\\hye4e\\Downloads\\create-quize-main\\create-quize-main\\node_modules\\node-exports-info': 'C:\\Users\\hye4e\\Downloads\\create-quize-main\\create-quize-main\\node_modules\\.node-exports-info-cuSbCIet',
365 silly reify   'C:\\Users\\hye4e\\Downloads\\create-quize-main\\create-quize-main\\node_modules\\object-assign': 'C:\\Users\\hye4e\\Downloads\\create-quize-main\\create-quize-main\\node_modules\\.object-assign-1DfS5LV6',
365 silly reify   'C:\\Users\\hye4e\\Downloads\\create-quize-main\\create-quize-main\\node_modules\\object-inspect': 'C:\\Users\\hye4e\\Downloads\\create-quize-main\\create-quize-main\\node_modules\\.object-inspect-U6Rj1mAF',
365 silly reify   'C:\\Users\\hye4e\\Downloads\\create-quize-main\\create-quize-main\\node_modules\\object-keys': 'C:\\Users\\hye4e\\Downloads\\create-quize-main\\create-quize-main\\node_modules\\.object-keys-mKU9ste0',
365 silly reify   'C:\\Users\\hye4e\\Downloads\\create-quize-main\\create-quize-main\\node_modules\\object.entries': 'C:\\Users\\hye4e\\Downloads\\create-quize-main\\create-quize-main\\node_modules\\.object.entries-n2Ie2QnW',
365 silly reify   'C:\\Users\\hye4e\\Downloads\\create-quize-main\\create-quize-main\\node_modules\\object.fromentries': 'C:\\Users\\hye4e\\Downloads\\create-quize-main\\create-quize-main\\node_modules\\.object.fromentries-ksRH8seP',
365 silly reify   'C:\\Users\\hye4e\\Downloads\\create-quize-main\\create-quize-main\\node_modules\\object.groupby': 'C:\\Users\\hye4e\\Downloads\\create-quize-main\\create-quize-main\\node_modules\\.object.groupby-ypjk0cHr',
365 silly reify   'C:\\Users\\hye4e\\Downloads\\create-quize-main\\create-quize-main\\node_modules\\object.assign': 'C:\\Users\\hye4e\\Downloads\\create-quize-main\\create-quize-main\\node_modules\\.object.assign-1g9Q04RF',
365 silly reify   'C:\\Users\\hye4e\\Downloads\\create-quize-main\\create-quize-main\\node_modules\\object.values': 'C:\\Users\\hye4e\\Downloads\\create-quize-main\\create-quize-main\\node_modules\\.object.values-0HHqT7tB',
365 silly reify   'C:\\Users\\hye4e\\Downloads\\create-quize-main\\create-quize-main\\node_modules\\optionator': 'C:\\Users\\hye4e\\Downloads\\create-quize-main\\create-quize-main\\node_modules\\.optionator-VAoM7VtN',
365 silly reify   'C:\\Users\\hye4e\\Downloads\\create-quize-main\\create-quize-main\\node_modules\\own-keys': 'C:\\Users\\hye4e\\Downloads\\create-quize-main\\create-quize-main\\node_modules\\.own-keys-XLGJiWBZ',
365 silly reify   'C:\\Users\\hye4e\\Downloads\\create-quize-main\\create-quize-main\\node_modules\\p-limit': 'C:\\Users\\hye4e\\Downloads\\create-quize-main\\create-quize-main\\node_modules\\.p-limit-2r3G4mAe',
365 silly reify   'C:\\Users\\hye4e\\Downloads\\create-quize-main\\create-quize-main\\node_modules\\p-locate': 'C:\\Users\\hye4e\\Downloads\\create-quize-main\\create-quize-main\\node_modules\\.p-locate-UILfLqPZ',
365 silly reify   'C:\\Users\\hye4e\\Downloads\\create-quize-main\\create-quize-main\\node_modules\\parent-module': 'C:\\Users\\hye4e\\Downloads\\create-quize-main\\create-quize-main\\node_modules\\.parent-module-8DB9PJBa',
365 silly reify   'C:\\Users\\hye4e\\Downloads\\create-quize-main\\create-quize-main\\node_modules\\path-exists': 'C:\\Users\\hye4e\\Downloads\\create-quize-main\\create-quize-main\\node_modules\\.path-exists-QuakrhPW',
365 silly reify   'C:\\Users\\hye4e\\Downloads\\create-quize-main\\create-quize-main\\node_modules\\path-key': 'C:\\Users\\hye4e\\Downloads\\create-quize-main\\create-quize-main\\node_modules\\.path-key-aGo5iY99',
365 silly reify   'C:\\Users\\hye4e\\Downloads\\create-quize-main\\create-quize-main\\node_modules\\path-parse': 'C:\\Users\\hye4e\\Downloads\\create-quize-main\\create-quize-main\\node_modules\\.path-parse-ypUCfsxM',
365 silly reify   'C:\\Users\\hye4e\\Downloads\\create-quize-main\\create-quize-main\\node_modules\\picocolors': 'C:\\Users\\hye4e\\Downloads\\create-quize-main\\create-quize-main\\node_modules\\.picocolors-pks5rnDy',
365 silly reify   'C:\\Users\\hye4e\\Downloads\\create-quize-main\\create-quize-main\\node_modules\\picomatch': 'C:\\Users\\hye4e\\Downloads\\create-quize-main\\create-quize-main\\node_modules\\.picomatch-1XeVomQr',
365 silly reify   'C:\\Users\\hye4e\\Downloads\\create-quize-main\\create-quize-main\\node_modules\\possible-typed-array-names': 'C:\\Users\\hye4e\\Downloads\\create-quize-main\\create-quize-main\\node_modules\\.possible-typed-array-names-IPpHE35I',
365 silly reify   'C:\\Users\\hye4e\\Downloads\\create-quize-main\\create-quize-main\\node_modules\\postcss': 'C:\\Users\\hye4e\\Downloads\\create-quize-main\\create-quize-main\\node_modules\\.postcss-AuqYdMTI',
365 silly reify   'C:\\Users\\hye4e\\Downloads\\create-quize-main\\create-quize-main\\node_modules\\prelude-ls': 'C:\\Users\\hye4e\\Downloads\\create-quize-main\\create-quize-main\\node_modules\\.prelude-ls-cbKzKFgL',
365 silly reify   'C:\\Users\\hye4e\\Downloads\\create-quize-main\\create-quize-main\\node_modules\\prettier': 'C:\\Users\\hye4e\\Downloads\\create-quize-main\\create-quize-main\\node_modules\\.prettier-qGEstqFt',
365 silly reify   'C:\\Users\\hye4e\\Downloads\\create-quize-main\\create-quize-main\\node_modules\\prop-types': 'C:\\Users\\hye4e\\Downloads\\create-quize-main\\create-quize-main\\node_modules\\.prop-types-fpIAbTpj',
365 silly reify   'C:\\Users\\hye4e\\Downloads\\create-quize-main\\create-quize-main\\node_modules\\punycode': 'C:\\Users\\hye4e\\Downloads\\create-quize-main\\create-quize-main\\node_modules\\.punycode-IawQkhJm',
365 silly reify   'C:\\Users\\hye4e\\Downloads\\create-quize-main\\create-quize-main\\node_modules\\queue-microtask': 'C:\\Users\\hye4e\\Downloads\\create-quize-main\\create-quize-main\\node_modules\\.queue-microtask-oRNt1Nsi',
365 silly reify   'C:\\Users\\hye4e\\Downloads\\create-quize-main\\create-quize-main\\node_modules\\react': 'C:\\Users\\hye4e\\Downloads\\create-quize-main\\create-quize-main\\node_modules\\.react-Wx0U6NvC',
365 silly reify   'C:\\Users\\hye4e\\Downloads\\create-quize-main\\create-quize-main\\node_modules\\react-dom': 'C:\\Users\\hye4e\\Downloads\\create-quize-main\\create-quize-main\\node_modules\\.react-dom-BqqcjFEX',
365 silly reify   'C:\\Users\\hye4e\\Downloads\\create-quize-main\\create-quize-main\\node_modules\\react-is': 'C:\\Users\\hye4e\\Downloads\\create-quize-main\\create-quize-main\\node_modules\\.react-is-DRHXIhgY',
365 silly reify   'C:\\Users\\hye4e\\Downloads\\create-quize-main\\create-quize-main\\node_modules\\reflect.getprototypeof': 'C:\\Users\\hye4e\\Downloads\\create-quize-main\\create-quize-main\\node_modules\\.reflect.getprototypeof-tosYeeon',
365 silly reify   'C:\\Users\\hye4e\\Downloads\\create-quize-main\\create-quize-main\\node_modules\\regexp.prototype.flags': 'C:\\Users\\hye4e\\Downloads\\create-quize-main\\create-quize-main\\node_modules\\.regexp.prototype.flags-nd8Vs5ix',
365 silly reify   'C:\\Users\\hye4e\\Downloads\\create-quize-main\\create-quize-main\\node_modules\\resolve': 'C:\\Users\\hye4e\\Downloads\\create-quize-main\\create-quize-main\\node_modules\\.resolve-h8CUnYaA',
365 silly reify   'C:\\Users\\hye4e\\Downloads\\create-quize-main\\create-quize-main\\node_modules\\resolve-from': 'C:\\Users\\hye4e\\Downloads\\create-quize-main\\create-quize-main\\node_modules\\.resolve-from-3MEz8G0O',
365 silly reify   'C:\\Users\\hye4e\\Downloads\\create-quize-main\\create-quize-main\\node_modules\\resolve-pkg-maps': 'C:\\Users\\hye4e\\Downloads\\create-quize-main\\create-quize-main\\node_modules\\.resolve-pkg-maps-mYEABgJW',
365 silly reify   'C:\\Users\\hye4e\\Downloads\\create-quize-main\\create-quize-main\\node_modules\\reusify': 'C:\\Users\\hye4e\\Downloads\\create-quize-main\\create-quize-main\\node_modules\\.reusify-nXe7a1TS',
365 silly reify   'C:\\Users\\hye4e\\Downloads\\create-quize-main\\create-quize-main\\node_modules\\run-parallel': 'C:\\Users\\hye4e\\Downloads\\create-quize-main\\create-quize-main\\node_modules\\.run-parallel-OoV56KxA',
365 silly reify   'C:\\Users\\hye4e\\Downloads\\create-quize-main\\create-quize-main\\node_modules\\safe-array-concat': 'C:\\Users\\hye4e\\Downloads\\create-quize-main\\create-quize-main\\node_modules\\.safe-array-concat-euVYEg32',
365 silly reify   'C:\\Users\\hye4e\\Downloads\\create-quize-main\\create-quize-main\\node_modules\\safe-push-apply': 'C:\\Users\\hye4e\\Downloads\\create-quize-main\\create-quize-main\\node_modules\\.safe-push-apply-YD8fFFQh',
365 silly reify   'C:\\Users\\hye4e\\Downloads\\create-quize-main\\create-quize-main\\node_modules\\safe-regex-test': 'C:\\Users\\hye4e\\Downloads\\create-quize-main\\create-quize-main\\node_modules\\.safe-regex-test-xAhMIUm5',
365 silly reify   'C:\\Users\\hye4e\\Downloads\\create-quize-main\\create-quize-main\\node_modules\\scheduler': 'C:\\Users\\hye4e\\Downloads\\create-quize-main\\create-quize-main\\node_modules\\.scheduler-TDilNZkN',
365 silly reify   'C:\\Users\\hye4e\\Downloads\\create-quize-main\\create-quize-main\\node_modules\\semver': 'C:\\Users\\hye4e\\Downloads\\create-quize-main\\create-quize-main\\node_modules\\.semver-VVzYRKhV',
365 silly reify   'C:\\Users\\hye4e\\Downloads\\create-quize-main\\create-quize-main\\node_modules\\set-function-length': 'C:\\Users\\hye4e\\Downloads\\create-quize-main\\create-quize-main\\node_modules\\.set-function-length-rqZa3sLn',
365 silly reify   'C:\\Users\\hye4e\\Downloads\\create-quize-main\\create-quize-main\\node_modules\\set-function-name': 'C:\\Users\\hye4e\\Downloads\\create-quize-main\\create-quize-main\\node_modules\\.set-function-name-AE6heTWX',
365 silly reify   'C:\\Users\\hye4e\\Downloads\\create-quize-main\\create-quize-main\\node_modules\\set-proto': 'C:\\Users\\hye4e\\Downloads\\create-quize-main\\create-quize-main\\node_modules\\.set-proto-yjRSaXJN',
365 silly reify   'C:\\Users\\hye4e\\Downloads\\create-quize-main\\create-quize-main\\node_modules\\sharp': 'C:\\Users\\hye4e\\Downloads\\create-quize-main\\create-quize-main\\node_modules\\.sharp-WhEbAokX',
365 silly reify   'C:\\Users\\hye4e\\Downloads\\create-quize-main\\create-quize-main\\node_modules\\shebang-command': 'C:\\Users\\hye4e\\Downloads\\create-quize-main\\create-quize-main\\node_modules\\.shebang-command-VBvGjbMJ',
365 silly reify   'C:\\Users\\hye4e\\Downloads\\create-quize-main\\create-quize-main\\node_modules\\shebang-regex': 'C:\\Users\\hye4e\\Downloads\\create-quize-main\\create-quize-main\\node_modules\\.shebang-regex-JvQFX8qn',
365 silly reify   'C:\\Users\\hye4e\\Downloads\\create-quize-main\\create-quize-main\\node_modules\\side-channel': 'C:\\Users\\hye4e\\Downloads\\create-quize-main\\create-quize-main\\node_modules\\.side-channel-w7ZqLyWI',
365 silly reify   'C:\\Users\\hye4e\\Downloads\\create-quize-main\\create-quize-main\\node_modules\\side-channel-list': 'C:\\Users\\hye4e\\Downloads\\create-quize-main\\create-quize-main\\node_modules\\.side-channel-list-xnzqif0U',
365 silly reify   'C:\\Users\\hye4e\\Downloads\\create-quize-main\\create-quize-main\\node_modules\\side-channel-map': 'C:\\Users\\hye4e\\Downloads\\create-quize-main\\create-quize-main\\node_modules\\.side-channel-map-xIqTsARN',
365 silly reify   'C:\\Users\\hye4e\\Downloads\\create-quize-main\\create-quize-main\\node_modules\\side-channel-weakmap': 'C:\\Users\\hye4e\\Downloads\\create-quize-main\\create-quize-main\\node_modules\\.side-channel-weakmap-uQYdUbHI',
365 silly reify   'C:\\Users\\hye4e\\Downloads\\create-quize-main\\create-quize-main\\node_modules\\source-map-js': 'C:\\Users\\hye4e\\Downloads\\create-quize-main\\create-quize-main\\node_modules\\.source-map-js-Y0rcJt5P',
365 silly reify   'C:\\Users\\hye4e\\Downloads\\create-quize-main\\create-quize-main\\node_modules\\stable-hash': 'C:\\Users\\hye4e\\Downloads\\create-quize-main\\create-quize-main\\node_modules\\.stable-hash-pbJqsiMY',
365 silly reify   'C:\\Users\\hye4e\\Downloads\\create-quize-main\\create-quize-main\\node_modules\\stop-iteration-iterator': 'C:\\Users\\hye4e\\Downloads\\create-quize-main\\create-quize-main\\node_modules\\.stop-iteration-iterator-7E79styr',
365 silly reify   'C:\\Users\\hye4e\\Downloads\\create-quize-main\\create-quize-main\\node_modules\\string.prototype.includes': 'C:\\Users\\hye4e\\Downloads\\create-quize-main\\create-quize-main\\node_modules\\.string.prototype.includes-70WGjhMm',
365 silly reify   'C:\\Users\\hye4e\\Downloads\\create-quize-main\\create-quize-main\\node_modules\\string.prototype.matchall': 'C:\\Users\\hye4e\\Downloads\\create-quize-main\\create-quize-main\\node_modules\\.string.prototype.matchall-yOn79nYP',
365 silly reify   'C:\\Users\\hye4e\\Downloads\\create-quize-main\\create-quize-main\\node_modules\\string.prototype.repeat': 'C:\\Users\\hye4e\\Downloads\\create-quize-main\\create-quize-main\\node_modules\\.string.prototype.repeat-8JW0Awen',
365 silly reify   'C:\\Users\\hye4e\\Downloads\\create-quize-main\\create-quize-main\\node_modules\\string.prototype.trim': 'C:\\Users\\hye4e\\Downloads\\create-quize-main\\create-quize-main\\node_modules\\.string.prototype.trim-GFXj5c1s',
365 silly reify   'C:\\Users\\hye4e\\Downloads\\create-quize-main\\create-quize-main\\node_modules\\string.prototype.trimend': 'C:\\Users\\hye4e\\Downloads\\create-quize-main\\create-quize-main\\node_modules\\.string.prototype.trimend-MxMhbqj2',
365 silly reify   'C:\\Users\\hye4e\\Downloads\\create-quize-main\\create-quize-main\\node_modules\\strip-bom': 'C:\\Users\\hye4e\\Downloads\\create-quize-main\\create-quize-main\\node_modules\\.strip-bom-tf8jvtgm',
365 silly reify   'C:\\Users\\hye4e\\Downloads\\create-quize-main\\create-quize-main\\node_modules\\string.prototype.trimstart': 'C:\\Users\\hye4e\\Downloads\\create-quize-main\\create-quize-main\\node_modules\\.string.prototype.trimstart-MKV0nD0x',
365 silly reify   'C:\\Users\\hye4e\\Downloads\\create-quize-main\\create-quize-main\\node_modules\\strip-json-comments': 'C:\\Users\\hye4e\\Downloads\\create-quize-main\\create-quize-main\\node_modules\\.strip-json-comments-hKxaQKyv',
365 silly reify   'C:\\Users\\hye4e\\Downloads\\create-quize-main\\create-quize-main\\node_modules\\supports-color': 'C:\\Users\\hye4e\\Downloads\\create-quize-main\\create-quize-main\\node_modules\\.supports-color-QqTeDuDw',
365 silly reify   'C:\\Users\\hye4e\\Downloads\\create-quize-main\\create-quize-main\\node_modules\\styled-jsx': 'C:\\Users\\hye4e\\Downloads\\create-quize-main\\create-quize-main\\node_modules\\.styled-jsx-6wxLqRYo',
365 silly reify   'C:\\Users\\hye4e\\Downloads\\create-quize-main\\create-quize-main\\node_modules\\supports-preserve-symlinks-flag': 'C:\\Users\\hye4e\\Downloads\\create-quize-main\\create-quize-main\\node_modules\\.supports-preserve-symlinks-flag-4r9FrUzw',
365 silly reify   'C:\\Users\\hye4e\\Downloads\\create-quize-main\\create-quize-main\\node_modules\\tailwindcss': 'C:\\Users\\hye4e\\Downloads\\create-quize-main\\create-quize-main\\node_modules\\.tailwindcss-UZrtoH9T',
365 silly reify   'C:\\Users\\hye4e\\Downloads\\create-quize-main\\create-quize-main\\node_modules\\tapable': 'C:\\Users\\hye4e\\Downloads\\create-quize-main\\create-quize-main\\node_modules\\.tapable-O1wAHnyv',
365 silly reify   'C:\\Users\\hye4e\\Downloads\\create-quize-main\\create-quize-main\\node_modules\\tinyglobby': 'C:\\Users\\hye4e\\Downloads\\create-quize-main\\create-quize-main\\node_modules\\.tinyglobby-6PlYo51G',
365 silly reify   'C:\\Users\\hye4e\\Downloads\\create-quize-main\\create-quize-main\\node_modules\\to-regex-range': 'C:\\Users\\hye4e\\Downloads\\create-quize-main\\create-quize-main\\node_modules\\.to-regex-range-7BH1jAvJ',
365 silly reify   'C:\\Users\\hye4e\\Downloads\\create-quize-main\\create-quize-main\\node_modules\\ts-api-utils': 'C:\\Users\\hye4e\\Downloads\\create-quize-main\\create-quize-main\\node_modules\\.ts-api-utils-OnvPW5EK',
365 silly reify   'C:\\Users\\hye4e\\Downloads\\create-quize-main\\create-quize-main\\node_modules\\tsconfig-paths': 'C:\\Users\\hye4e\\Downloads\\create-quize-main\\create-quize-main\\node_modules\\.tsconfig-paths-zHFG1hO7',
365 silly reify   'C:\\Users\\hye4e\\Downloads\\create-quize-main\\create-quize-main\\node_modules\\tslib': 'C:\\Users\\hye4e\\Downloads\\create-quize-main\\create-quize-main\\node_modules\\.tslib-ClvjBpyc',
365 silly reify   'C:\\Users\\hye4e\\Downloads\\create-quize-main\\create-quize-main\\node_modules\\typed-array-buffer': 'C:\\Users\\hye4e\\Downloads\\create-quize-main\\create-quize-main\\node_modules\\.typed-array-buffer-7oxIj4sq',
365 silly reify   'C:\\Users\\hye4e\\Downloads\\create-quize-main\\create-quize-main\\node_modules\\type-check': 'C:\\Users\\hye4e\\Downloads\\create-quize-main\\create-quize-main\\node_modules\\.type-check-xmWhyuZY',
365 silly reify   'C:\\Users\\hye4e\\Downloads\\create-quize-main\\create-quize-main\\node_modules\\typed-array-byte-offset': 'C:\\Users\\hye4e\\Downloads\\create-quize-main\\create-quize-main\\node_modules\\.typed-array-byte-offset-qXW2hq2f',
365 silly reify   'C:\\Users\\hye4e\\Downloads\\create-quize-main\\create-quize-main\\node_modules\\typed-array-byte-length': 'C:\\Users\\hye4e\\Downloads\\create-quize-main\\create-quize-main\\node_modules\\.typed-array-byte-length-WAErWqYp',
365 silly reify   'C:\\Users\\hye4e\\Downloads\\create-quize-main\\create-quize-main\\node_modules\\typed-array-length': 'C:\\Users\\hye4e\\Downloads\\create-quize-main\\create-quize-main\\node_modules\\.typed-array-length-s0fSwgiD',
365 silly reify   'C:\\Users\\hye4e\\Downloads\\create-quize-main\\create-quize-main\\node_modules\\typescript-eslint': 'C:\\Users\\hye4e\\Downloads\\create-quize-main\\create-quize-main\\node_modules\\.typescript-eslint-AC7NPGZA',
365 silly reify   'C:\\Users\\hye4e\\Downloads\\create-quize-main\\create-quize-main\\node_modules\\typescript': 'C:\\Users\\hye4e\\Downloads\\create-quize-main\\create-quize-main\\node_modules\\.typescript-4DPLL3m6',
365 silly reify   'C:\\Users\\hye4e\\Downloads\\create-quize-main\\create-quize-main\\node_modules\\unbox-primitive': 'C:\\Users\\hye4e\\Downloads\\create-quize-main\\create-quize-main\\node_modules\\.unbox-primitive-t6YwmSvt',
365 silly reify   'C:\\Users\\hye4e\\Downloads\\create-quize-main\\create-quize-main\\node_modules\\undici-types': 'C:\\Users\\hye4e\\Downloads\\create-quize-main\\create-quize-main\\node_modules\\.undici-types-T7iTsCo8',
365 silly reify   'C:\\Users\\hye4e\\Downloads\\create-quize-main\\create-quize-main\\node_modules\\unrs-resolver': 'C:\\Users\\hye4e\\Downloads\\create-quize-main\\create-quize-main\\node_modules\\.unrs-resolver-CUPYn8WA',
365 silly reify   'C:\\Users\\hye4e\\Downloads\\create-quize-main\\create-quize-main\\node_modules\\update-browserslist-db': 'C:\\Users\\hye4e\\Downloads\\create-quize-main\\create-quize-main\\node_modules\\.update-browserslist-db-qpOcFX7a',
365 silly reify   'C:\\Users\\hye4e\\Downloads\\create-quize-main\\create-quize-main\\node_modules\\uri-js': 'C:\\Users\\hye4e\\Downloads\\create-quize-main\\create-quize-main\\node_modules\\.uri-js-S7whNI47',
365 silly reify   'C:\\Users\\hye4e\\Downloads\\create-quize-main\\create-quize-main\\node_modules\\which': 'C:\\Users\\hye4e\\Downloads\\create-quize-main\\create-quize-main\\node_modules\\.which-Vamqxvck',
365 silly reify   'C:\\Users\\hye4e\\Downloads\\create-quize-main\\create-quize-main\\node_modules\\which-boxed-primitive': 'C:\\Users\\hye4e\\Downloads\\create-quize-main\\create-quize-main\\node_modules\\.which-boxed-primitive-f5xTExzi',
365 silly reify   'C:\\Users\\hye4e\\Downloads\\create-quize-main\\create-quize-main\\node_modules\\which-collection': 'C:\\Users\\hye4e\\Downloads\\create-quize-main\\create-quize-main\\node_modules\\.which-collection-MDCelxK1',
365 silly reify   'C:\\Users\\hye4e\\Downloads\\create-quize-main\\create-quize-main\\node_modules\\which-typed-array': 'C:\\Users\\hye4e\\Downloads\\create-quize-main\\create-quize-main\\node_modules\\.which-typed-array-NDdpoQwJ',
365 silly reify   'C:\\Users\\hye4e\\Downloads\\create-quize-main\\create-quize-main\\node_modules\\which-builtin-type': 'C:\\Users\\hye4e\\Downloads\\create-quize-main\\create-quize-main\\node_modules\\.which-builtin-type-ZyvAqEbB',
365 silly reify   'C:\\Users\\hye4e\\Downloads\\create-quize-main\\create-quize-main\\node_modules\\word-wrap': 'C:\\Users\\hye4e\\Downloads\\create-quize-main\\create-quize-main\\node_modules\\.word-wrap-tJ8BdxSw',
365 silly reify   'C:\\Users\\hye4e\\Downloads\\create-quize-main\\create-quize-main\\node_modules\\yocto-queue': 'C:\\Users\\hye4e\\Downloads\\create-quize-main\\create-quize-main\\node_modules\\.yocto-queue-3Jd7IrP8',
365 silly reify   'C:\\Users\\hye4e\\Downloads\\create-quize-main\\create-quize-main\\node_modules\\yallist': 'C:\\Users\\hye4e\\Downloads\\create-quize-main\\create-quize-main\\node_modules\\.yallist-1wY1TcDs',
365 silly reify   'C:\\Users\\hye4e\\Downloads\\create-quize-main\\create-quize-main\\node_modules\\zod': 'C:\\Users\\hye4e\\Downloads\\create-quize-main\\create-quize-main\\node_modules\\.zod-dDWPK4BC',
365 silly reify   'C:\\Users\\hye4e\\Downloads\\create-quize-main\\create-quize-main\\node_modules\\@alloc\\quick-lru': 'C:\\Users\\hye4e\\Downloads\\create-quize-main\\create-quize-main\\node_modules\\@alloc\\.quick-lru-WGHY8RlT',
365 silly reify   'C:\\Users\\hye4e\\Downloads\\create-quize-main\\create-quize-main\\node_modules\\zod-validation-error': 'C:\\Users\\hye4e\\Downloads\\create-quize-main\\create-quize-main\\node_modules\\.zod-validation-error-imd3PQVx',
365 silly reify   'C:\\Users\\hye4e\\Downloads\\create-quize-main\\create-quize-main\\node_modules\\@babel\\code-frame': 'C:\\Users\\hye4e\\Downloads\\create-quize-main\\create-quize-main\\node_modules\\@babel\\.code-frame-B1ly6Xwy',
365 silly reify   'C:\\Users\\hye4e\\Downloads\\create-quize-main\\create-quize-main\\node_modules\\@babel\\compat-data': 'C:\\Users\\hye4e\\Downloads\\create-quize-main\\create-quize-main\\node_modules\\@babel\\.compat-data-otFwuf5m',
365 silly reify   'C:\\Users\\hye4e\\Downloads\\create-quize-main\\create-quize-main\\node_modules\\@babel\\core': 'C:\\Users\\hye4e\\Downloads\\create-quize-main\\create-quize-main\\node_modules\\@babel\\.core-WrpKiZ3I',
365 silly reify   'C:\\Users\\hye4e\\Downloads\\create-quize-main\\create-quize-main\\node_modules\\@babel\\helper-compilation-targets': 'C:\\Users\\hye4e\\Downloads\\create-quize-main\\create-quize-main\\node_modules\\@babel\\.helper-compilation-targets-vK1DrIt2',
365 silly reify   'C:\\Users\\hye4e\\Downloads\\create-quize-main\\create-quize-main\\node_modules\\@babel\\generator': 'C:\\Users\\hye4e\\Downloads\\create-quize-main\\create-quize-main\\node_modules\\@babel\\.generator-z5pP0vcb',
365 silly reify   'C:\\Users\\hye4e\\Downloads\\create-quize-main\\create-quize-main\\node_modules\\@babel\\helper-globals': 'C:\\Users\\hye4e\\Downloads\\create-quize-main\\create-quize-main\\node_modules\\@babel\\.helper-globals-FFVERNLF',
365 silly reify   'C:\\Users\\hye4e\\Downloads\\create-quize-main\\create-quize-main\\node_modules\\@babel\\helper-module-imports': 'C:\\Users\\hye4e\\Downloads\\create-quize-main\\create-quize-main\\node_modules\\@babel\\.helper-module-imports-Gc0jrh2E',
365 silly reify   'C:\\Users\\hye4e\\Downloads\\create-quize-main\\create-quize-main\\node_modules\\@babel\\helper-module-transforms': 'C:\\Users\\hye4e\\Downloads\\create-quize-main\\create-quize-main\\node_modules\\@babel\\.helper-module-transforms-TRphKtRf',
365 silly reify   'C:\\Users\\hye4e\\Downloads\\create-quize-main\\create-quize-main\\node_modules\\@babel\\helper-string-parser': 'C:\\Users\\hye4e\\Downloads\\create-quize-main\\create-quize-main\\node_modules\\@babel\\.helper-string-parser-eV0Ru3yT',
365 silly reify   'C:\\Users\\hye4e\\Downloads\\create-quize-main\\create-quize-main\\node_modules\\@babel\\helper-validator-identifier': 'C:\\Users\\hye4e\\Downloads\\create-quize-main\\create-quize-main\\node_modules\\@babel\\.helper-validator-identifier-k9Lpmd1u',
365 silly reify   'C:\\Users\\hye4e\\Downloads\\create-quize-main\\create-quize-main\\node_modules\\@babel\\helper-validator-option': 'C:\\Users\\hye4e\\Downloads\\create-quize-main\\create-quize-main\\node_modules\\@babel\\.helper-validator-option-qKbUhnbC',
365 silly reify   'C:\\Users\\hye4e\\Downloads\\create-quize-main\\create-quize-main\\node_modules\\@babel\\parser': 'C:\\Users\\hye4e\\Downloads\\create-quize-main\\create-quize-main\\node_modules\\@babel\\.parser-vc9s8ZRf',
365 silly reify   'C:\\Users\\hye4e\\Downloads\\create-quize-main\\create-quize-main\\node_modules\\@babel\\traverse': 'C:\\Users\\hye4e\\Downloads\\create-quize-main\\create-quize-main\\node_modules\\@babel\\.traverse-GPyzxE41',
365 silly reify   'C:\\Users\\hye4e\\Downloads\\create-quize-main\\create-quize-main\\node_modules\\@babel\\template': 'C:\\Users\\hye4e\\Downloads\\create-quize-main\\create-quize-main\\node_modules\\@babel\\.template-oOQiEMCK',
365 silly reify   'C:\\Users\\hye4e\\Downloads\\create-quize-main\\create-quize-main\\node_modules\\@babel\\types': 'C:\\Users\\hye4e\\Downloads\\create-quize-main\\create-quize-main\\node_modules\\@babel\\.types-TjXGVgaF',
365 silly reify   'C:\\Users\\hye4e\\Downloads\\create-quize-main\\create-quize-main\\node_modules\\@emnapi\\core': 'C:\\Users\\hye4e\\Downloads\\create-quize-main\\create-quize-main\\node_modules\\@emnapi\\.core-7pzsJMzp',
365 silly reify   'C:\\Users\\hye4e\\Downloads\\create-quize-main\\create-quize-main\\node_modules\\@emnapi\\runtime': 'C:\\Users\\hye4e\\Downloads\\create-quize-main\\create-quize-main\\node_modules\\@emnapi\\.runtime-gOSlWRJ4',
365 silly reify   'C:\\Users\\hye4e\\Downloads\\create-quize-main\\create-quize-main\\node_modules\\@emnapi\\wasi-threads': 'C:\\Users\\hye4e\\Downloads\\create-quize-main\\create-quize-main\\node_modules\\@emnapi\\.wasi-threads-Mw9aaJC7',
365 silly reify   'C:\\Users\\hye4e\\Downloads\\create-quize-main\\create-quize-main\\node_modules\\@eslint\\config-array': 'C:\\Users\\hye4e\\Downloads\\create-quize-main\\create-quize-main\\node_modules\\@eslint\\.config-array-7FCEZE1Q',
365 silly reify   'C:\\Users\\hye4e\\Downloads\\create-quize-main\\create-quize-main\\node_modules\\@eslint\\config-helpers': 'C:\\Users\\hye4e\\Downloads\\create-quize-main\\create-quize-main\\node_modules\\@eslint\\.config-helpers-nIXhKzJx',
365 silly reify   'C:\\Users\\hye4e\\Downloads\\create-quize-main\\create-quize-main\\node_modules\\@eslint\\core': 'C:\\Users\\hye4e\\Downloads\\create-quize-main\\create-quize-main\\node_modules\\@eslint\\.core-c6GO80GF',
365 silly reify   'C:\\Users\\hye4e\\Downloads\\create-quize-main\\create-quize-main\\node_modules\\@eslint\\eslintrc': 'C:\\Users\\hye4e\\Downloads\\create-quize-main\\create-quize-main\\node_modules\\@eslint\\.eslintrc-O1QG8sl9',
365 silly reify   'C:\\Users\\hye4e\\Downloads\\create-quize-main\\create-quize-main\\node_modules\\@eslint\\js': 'C:\\Users\\hye4e\\Downloads\\create-quize-main\\create-quize-main\\node_modules\\@eslint\\.js-wLUlDuz8',
365 silly reify   'C:\\Users\\hye4e\\Downloads\\create-quize-main\\create-quize-main\\node_modules\\@eslint\\object-schema': 'C:\\Users\\hye4e\\Downloads\\create-quize-main\\create-quize-main\\node_modules\\@eslint\\.object-schema-0XmnuRQ4',
365 silly reify   'C:\\Users\\hye4e\\Downloads\\create-quize-main\\create-quize-main\\node_modules\\@eslint\\plugin-kit': 'C:\\Users\\hye4e\\Downloads\\create-quize-main\\create-quize-main\\node_modules\\@eslint\\.plugin-kit-vv12cTcE',
365 silly reify   'C:\\Users\\hye4e\\Downloads\\create-quize-main\\create-quize-main\\node_modules\\@eslint-community\\eslint-utils': 'C:\\Users\\hye4e\\Downloads\\create-quize-main\\create-quize-main\\node_modules\\@eslint-community\\.eslint-utils-fbwxJLfY',
365 silly reify   'C:\\Users\\hye4e\\Downloads\\create-quize-main\\create-quize-main\\node_modules\\@eslint-community\\regexpp': 'C:\\Users\\hye4e\\Downloads\\create-quize-main\\create-quize-main\\node_modules\\@eslint-community\\.regexpp-4AWwKaQE',
365 silly reify   'C:\\Users\\hye4e\\Downloads\\create-quize-main\\create-quize-main\\node_modules\\@google\\generative-ai': 'C:\\Users\\hye4e\\Downloads\\create-quize-main\\create-quize-main\\node_modules\\@google\\.generative-ai-BL0dJRLc',
365 silly reify   'C:\\Users\\hye4e\\Downloads\\create-quize-main\\create-quize-main\\node_modules\\@humanfs\\core': 'C:\\Users\\hye4e\\Downloads\\create-quize-main\\create-quize-main\\node_modules\\@humanfs\\.core-wAKy2vKx',
365 silly reify   'C:\\Users\\hye4e\\Downloads\\create-quize-main\\create-quize-main\\node_modules\\@humanfs\\node': 'C:\\Users\\hye4e\\Downloads\\create-quize-main\\create-quize-main\\node_modules\\@humanfs\\.node-ro7dMi0F',
365 silly reify   'C:\\Users\\hye4e\\Downloads\\create-quize-main\\create-quize-main\\node_modules\\@humanfs\\types': 'C:\\Users\\hye4e\\Downloads\\create-quize-main\\create-quize-main\\node_modules\\@humanfs\\.types-0mp8XKEC',
365 silly reify   'C:\\Users\\hye4e\\Downloads\\create-quize-main\\create-quize-main\\node_modules\\@humanwhocodes\\module-importer': 'C:\\Users\\hye4e\\Downloads\\create-quize-main\\create-quize-main\\node_modules\\@humanwhocodes\\.module-importer-onP1Y1Pp',
365 silly reify   'C:\\Users\\hye4e\\Downloads\\create-quize-main\\create-quize-main\\node_modules\\@humanwhocodes\\retry': 'C:\\Users\\hye4e\\Downloads\\create-quize-main\\create-quize-main\\node_modules\\@humanwhocodes\\.retry-AsBWJa9y',
365 silly reify   'C:\\Users\\hye4e\\Downloads\\create-quize-main\\create-quize-main\\node_modules\\@img\\colour': 'C:\\Users\\hye4e\\Downloads\\create-quize-main\\create-quize-main\\node_modules\\@img\\.colour-BIt3tPSf',
365 silly reify   'C:\\Users\\hye4e\\Downloads\\create-quize-main\\create-quize-main\\node_modules\\@img\\sharp-win32-x64': 'C:\\Users\\hye4e\\Downloads\\create-quize-main\\create-quize-main\\node_modules\\@img\\.sharp-win32-x64-aFPN6Ath',
365 silly reify   'C:\\Users\\hye4e\\Downloads\\create-quize-main\\create-quize-main\\node_modules\\@jridgewell\\gen-mapping': 'C:\\Users\\hye4e\\Downloads\\create-quize-main\\create-quize-main\\node_modules\\@jridgewell\\.gen-mapping-ZtCjPcqW',
365 silly reify   'C:\\Users\\hye4e\\Downloads\\create-quize-main\\create-quize-main\\node_modules\\@jridgewell\\remapping': 'C:\\Users\\hye4e\\Downloads\\create-quize-main\\create-quize-main\\node_modules\\@jridgewell\\.remapping-ceOKh9Ed',
365 silly reify   'C:\\Users\\hye4e\\Downloads\\create-quize-main\\create-quize-main\\node_modules\\@jridgewell\\resolve-uri': 'C:\\Users\\hye4e\\Downloads\\create-quize-main\\create-quize-main\\node_modules\\@jridgewell\\.resolve-uri-vgY0gvdU',
365 silly reify   'C:\\Users\\hye4e\\Downloads\\create-quize-main\\create-quize-main\\node_modules\\@jridgewell\\sourcemap-codec': 'C:\\Users\\hye4e\\Downloads\\create-quize-main\\create-quize-main\\node_modules\\@jridgewell\\.sourcemap-codec-cR3pwWHT',
365 silly reify   'C:\\Users\\hye4e\\Downloads\\create-quize-main\\create-quize-main\\node_modules\\@jridgewell\\trace-mapping': 'C:\\Users\\hye4e\\Downloads\\create-quize-main\\create-quize-main\\node_modules\\@jridgewell\\.trace-mapping-awYE1ZM0',
365 silly reify   'C:\\Users\\hye4e\\Downloads\\create-quize-main\\create-quize-main\\node_modules\\@napi-rs\\wasm-runtime': 'C:\\Users\\hye4e\\Downloads\\create-quize-main\\create-quize-main\\node_modules\\@napi-rs\\.wasm-runtime-DmdlEL58',
365 silly reify   'C:\\Users\\hye4e\\Downloads\\create-quize-main\\create-quize-main\\node_modules\\@next\\env': 'C:\\Users\\hye4e\\Downloads\\create-quize-main\\create-quize-main\\node_modules\\@next\\.env-uX0smZUu',
365 silly reify   'C:\\Users\\hye4e\\Downloads\\create-quize-main\\create-quize-main\\node_modules\\@babel\\helpers': 'C:\\Users\\hye4e\\Downloads\\create-quize-main\\create-quize-main\\node_modules\\@babel\\.helpers-HFZU2Zqq',
365 silly reify   'C:\\Users\\hye4e\\Downloads\\create-quize-main\\create-quize-main\\node_modules\\@next\\eslint-plugin-next': 'C:\\Users\\hye4e\\Downloads\\create-quize-main\\create-quize-main\\node_modules\\@next\\.eslint-plugin-next-ZChSURvn',
365 silly reify   'C:\\Users\\hye4e\\Downloads\\create-quize-main\\create-quize-main\\node_modules\\@next\\swc-win32-x64-msvc': 'C:\\Users\\hye4e\\Downloads\\create-quize-main\\create-quize-main\\node_modules\\@next\\.swc-win32-x64-msvc-dZa70wep',
365 silly reify   'C:\\Users\\hye4e\\Downloads\\create-quize-main\\create-quize-main\\node_modules\\@nodelib\\fs.scandir': 'C:\\Users\\hye4e\\Downloads\\create-quize-main\\create-quize-main\\node_modules\\@nodelib\\.fs.scandir-d6xQ2GVX',
365 silly reify   'C:\\Users\\hye4e\\Downloads\\create-quize-main\\create-quize-main\\node_modules\\@nodelib\\fs.stat': 'C:\\Users\\hye4e\\Downloads\\create-quize-main\\create-quize-main\\node_modules\\@nodelib\\.fs.stat-IqZ3fQRV',
365 silly reify   'C:\\Users\\hye4e\\Downloads\\create-quize-main\\create-quize-main\\node_modules\\@nodelib\\fs.walk': 'C:\\Users\\hye4e\\Downloads\\create-quize-main\\create-quize-main\\node_modules\\@nodelib\\.fs.walk-L8JXX6pz',
365 silly reify   'C:\\Users\\hye4e\\Downloads\\create-quize-main\\create-quize-main\\node_modules\\@nolyfill\\is-core-module': 'C:\\Users\\hye4e\\Downloads\\create-quize-main\\create-quize-main\\node_modules\\@nolyfill\\.is-core-module-aM7BE9Yz',
365 silly reify   'C:\\Users\\hye4e\\Downloads\\create-quize-main\\create-quize-main\\node_modules\\@rtsao\\scc': 'C:\\Users\\hye4e\\Downloads\\create-quize-main\\create-quize-main\\node_modules\\@rtsao\\.scc-rCnGdhod',
365 silly reify   'C:\\Users\\hye4e\\Downloads\\create-quize-main\\create-quize-main\\node_modules\\@supabase\\auth-js': 'C:\\Users\\hye4e\\Downloads\\create-quize-main\\create-quize-main\\node_modules\\@supabase\\.auth-js-NvxhCgcS',
365 silly reify   'C:\\Users\\hye4e\\Downloads\\create-quize-main\\create-quize-main\\node_modules\\@supabase\\functions-js': 'C:\\Users\\hye4e\\Downloads\\create-quize-main\\create-quize-main\\node_modules\\@supabase\\.functions-js-CJeXHTvG',
365 silly reify   'C:\\Users\\hye4e\\Downloads\\create-quize-main\\create-quize-main\\node_modules\\@supabase\\phoenix': 'C:\\Users\\hye4e\\Downloads\\create-quize-main\\create-quize-main\\node_modules\\@supabase\\.phoenix-8Yv8QMH2',
365 silly reify   'C:\\Users\\hye4e\\Downloads\\create-quize-main\\create-quize-main\\node_modules\\@supabase\\postgrest-js': 'C:\\Users\\hye4e\\Downloads\\create-quize-main\\create-quize-main\\node_modules\\@supabase\\.postgrest-js-CbxOBm4W',
365 silly reify   'C:\\Users\\hye4e\\Downloads\\create-quize-main\\create-quize-main\\node_modules\\@supabase\\realtime-js': 'C:\\Users\\hye4e\\Downloads\\create-quize-main\\create-quize-main\\node_modules\\@supabase\\.realtime-js-4hEfO9vs',
365 silly reify   'C:\\Users\\hye4e\\Downloads\\create-quize-main\\create-quize-main\\node_modules\\@supabase\\storage-js': 'C:\\Users\\hye4e\\Downloads\\create-quize-main\\create-quize-main\\node_modules\\@supabase\\.storage-js-1Fh65p4N',
365 silly reify   'C:\\Users\\hye4e\\Downloads\\create-quize-main\\create-quize-main\\node_modules\\@supabase\\supabase-js': 'C:\\Users\\hye4e\\Downloads\\create-quize-main\\create-quize-main\\node_modules\\@supabase\\.supabase-js-iZmjUMk7',
365 silly reify   'C:\\Users\\hye4e\\Downloads\\create-quize-main\\create-quize-main\\node_modules\\@tailwindcss\\node': 'C:\\Users\\hye4e\\Downloads\\create-quize-main\\create-quize-main\\node_modules\\@tailwindcss\\.node-Cf8yQrLq',
365 silly reify   'C:\\Users\\hye4e\\Downloads\\create-quize-main\\create-quize-main\\node_modules\\@tailwindcss\\oxide-win32-x64-msvc': 'C:\\Users\\hye4e\\Downloads\\create-quize-main\\create-quize-main\\node_modules\\@tailwindcss\\.oxide-win32-x64-msvc-idWylLfh',
365 silly reify   'C:\\Users\\hye4e\\Downloads\\create-quize-main\\create-quize-main\\node_modules\\@tailwindcss\\postcss': 'C:\\Users\\hye4e\\Downloads\\create-quize-main\\create-quize-main\\node_modules\\@tailwindcss\\.postcss-q04LDyPK',
365 silly reify   'C:\\Users\\hye4e\\Downloads\\create-quize-main\\create-quize-main\\node_modules\\@tybys\\wasm-util': 'C:\\Users\\hye4e\\Downloads\\create-quize-main\\create-quize-main\\node_modules\\@tybys\\.wasm-util-PRntHLFr',
365 silly reify   'C:\\Users\\hye4e\\Downloads\\create-quize-main\\create-quize-main\\node_modules\\@swc\\helpers': 'C:\\Users\\hye4e\\Downloads\\create-quize-main\\create-quize-main\\node_modules\\@swc\\.helpers-Ib5mdBx2',
365 silly reify   'C:\\Users\\hye4e\\Downloads\\create-quize-main\\create-quize-main\\node_modules\\@tailwindcss\\oxide': 'C:\\Users\\hye4e\\Downloads\\create-quize-main\\create-quize-main\\node_modules\\@tailwindcss\\.oxide-o7r3Pozw',
365 silly reify   'C:\\Users\\hye4e\\Downloads\\create-quize-main\\create-quize-main\\node_modules\\@types\\estree': 'C:\\Users\\hye4e\\Downloads\\create-quize-main\\create-quize-main\\node_modules\\@types\\.estree-1UoVAO3c',
365 silly reify   'C:\\Users\\hye4e\\Downloads\\create-quize-main\\create-quize-main\\node_modules\\@types\\json-schema': 'C:\\Users\\hye4e\\Downloads\\create-quize-main\\create-quize-main\\node_modules\\@types\\.json-schema-lREGenkV',
365 silly reify   'C:\\Users\\hye4e\\Downloads\\create-quize-main\\create-quize-main\\node_modules\\@types\\json5': 'C:\\Users\\hye4e\\Downloads\\create-quize-main\\create-quize-main\\node_modules\\@types\\.json5-UIjf0UxL',
365 silly reify   'C:\\Users\\hye4e\\Downloads\\create-quize-main\\create-quize-main\\node_modules\\@types\\node': 'C:\\Users\\hye4e\\Downloads\\create-quize-main\\create-quize-main\\node_modules\\@types\\.node-VPwkc9lc',
365 silly reify   'C:\\Users\\hye4e\\Downloads\\create-quize-main\\create-quize-main\\node_modules\\@types\\react': 'C:\\Users\\hye4e\\Downloads\\create-quize-main\\create-quize-main\\node_modules\\@types\\.react-AyYimSrf',
365 silly reify   'C:\\Users\\hye4e\\Downloads\\create-quize-main\\create-quize-main\\node_modules\\@types\\react-dom': 'C:\\Users\\hye4e\\Downloads\\create-quize-main\\create-quize-main\\node_modules\\@types\\.react-dom-T39L23jo',
365 silly reify   'C:\\Users\\hye4e\\Downloads\\create-quize-main\\create-quize-main\\node_modules\\@typescript-eslint\\eslint-plugin': 'C:\\Users\\hye4e\\Downloads\\create-quize-main\\create-quize-main\\node_modules\\@typescript-eslint\\.eslint-plugin-hbBKGmQj',
365 silly reify   'C:\\Users\\hye4e\\Downloads\\create-quize-main\\create-quize-main\\node_modules\\@typescript-eslint\\parser': 'C:\\Users\\hye4e\\Downloads\\create-quize-main\\create-quize-main\\node_modules\\@typescript-eslint\\.parser-1NuDSFYy',
365 silly reify   'C:\\Users\\hye4e\\Downloads\\create-quize-main\\create-quize-main\\node_modules\\@typescript-eslint\\project-service': 'C:\\Users\\hye4e\\Downloads\\create-quize-main\\create-quize-main\\node_modules\\@typescript-eslint\\.project-service-YOqF1cM3',
365 silly reify   'C:\\Users\\hye4e\\Downloads\\create-quize-main\\create-quize-main\\node_modules\\@typescript-eslint\\scope-manager': 'C:\\Users\\hye4e\\Downloads\\create-quize-main\\create-quize-main\\node_modules\\@typescript-eslint\\.scope-manager-hyX67kEy',
365 silly reify   'C:\\Users\\hye4e\\Downloads\\create-quize-main\\create-quize-main\\node_modules\\@typescript-eslint\\tsconfig-utils': 'C:\\Users\\hye4e\\Downloads\\create-quize-main\\create-quize-main\\node_modules\\@typescript-eslint\\.tsconfig-utils-eCeh5U6w',
365 silly reify   'C:\\Users\\hye4e\\Downloads\\create-quize-main\\create-quize-main\\node_modules\\@typescript-eslint\\type-utils': 'C:\\Users\\hye4e\\Downloads\\create-quize-main\\create-quize-main\\node_modules\\@typescript-eslint\\.type-utils-aWZoKCrX',
365 silly reify   'C:\\Users\\hye4e\\Downloads\\create-quize-main\\create-quize-main\\node_modules\\@typescript-eslint\\types': 'C:\\Users\\hye4e\\Downloads\\create-quize-main\\create-quize-main\\node_modules\\@typescript-eslint\\.types-VJiJbhEN',
365 silly reify   'C:\\Users\\hye4e\\Downloads\\create-quize-main\\create-quize-main\\node_modules\\@typescript-eslint\\utils': 'C:\\Users\\hye4e\\Downloads\\create-quize-main\\create-quize-main\\node_modules\\@typescript-eslint\\.utils-UkbKRqfn',
365 silly reify   'C:\\Users\\hye4e\\Downloads\\create-quize-main\\create-quize-main\\node_modules\\@typescript-eslint\\typescript-estree': 'C:\\Users\\hye4e\\Downloads\\create-quize-main\\create-quize-main\\node_modules\\@typescript-eslint\\.typescript-estree-lNtp3spe',
365 silly reify   'C:\\Users\\hye4e\\Downloads\\create-quize-main\\create-quize-main\\node_modules\\@typescript-eslint\\visitor-keys': 'C:\\Users\\hye4e\\Downloads\\create-quize-main\\create-quize-main\\node_modules\\@typescript-eslint\\.visitor-keys-TY3tUESn',
365 silly reify   'C:\\Users\\hye4e\\Downloads\\create-quize-main\\create-quize-main\\node_modules\\@unrs\\resolver-binding-win32-x64-msvc': 'C:\\Users\\hye4e\\Downloads\\create-quize-main\\create-quize-main\\node_modules\\@unrs\\.resolver-binding-win32-x64-msvc-YiYJRhd2'
365 silly reify }
366 silly audit bulk request {
366 silly audit   '@alloc/quick-lru': [ '5.2.0' ],
366 silly audit   '@babel/code-frame': [ '7.29.0' ],
366 silly audit   '@babel/compat-data': [ '7.29.3' ],
366 silly audit   '@babel/core': [ '7.29.0' ],
366 silly audit   '@babel/generator': [ '7.29.1' ],
366 silly audit   '@babel/helper-compilation-targets': [ '7.28.6' ],
366 silly audit   '@babel/helper-globals': [ '7.28.0' ],
366 silly audit   '@babel/helper-module-imports': [ '7.28.6' ],
366 silly audit   '@babel/helper-module-transforms': [ '7.28.6' ],
366 silly audit   '@babel/helper-string-parser': [ '7.27.1' ],
366 silly audit   '@babel/helper-validator-identifier': [ '7.28.5' ],
366 silly audit   '@babel/helper-validator-option': [ '7.27.1' ],
366 silly audit   '@babel/helpers': [ '7.29.2' ],
366 silly audit   '@babel/parser': [ '7.29.3' ],
366 silly audit   '@babel/template': [ '7.28.6' ],
366 silly audit   '@babel/traverse': [ '7.29.0' ],
366 silly audit   '@babel/types': [ '7.29.0' ],
366 silly audit   '@emnapi/core': [ '1.10.0' ],
366 silly audit   '@emnapi/runtime': [ '1.10.0' ],
366 silly audit   '@emnapi/wasi-threads': [ '1.2.1' ],
366 silly audit   '@eslint-community/eslint-utils': [ '4.9.1' ],
366 silly audit   'eslint-visitor-keys': [ '3.4.3', '5.0.1', '4.2.1' ],
366 silly audit   '@eslint-community/regexpp': [ '4.12.2' ],
366 silly audit   '@eslint/config-array': [ '0.21.2' ],
366 silly audit   '@eslint/config-helpers': [ '0.4.2' ],
366 silly audit   '@eslint/core': [ '0.17.0' ],
366 silly audit   '@eslint/eslintrc': [ '3.3.5' ],
366 silly audit   '@eslint/js': [ '9.39.4' ],
366 silly audit   '@eslint/object-schema': [ '2.1.7' ],
366 silly audit   '@eslint/plugin-kit': [ '0.4.1' ],
366 silly audit   '@google/generative-ai': [ '0.24.1' ],
366 silly audit   '@humanfs/core': [ '0.19.2' ],
366 silly audit   '@humanfs/node': [ '0.16.8' ],
366 silly audit   '@humanfs/types': [ '0.15.0' ],
366 silly audit   '@humanwhocodes/module-importer': [ '1.0.1' ],
366 silly audit   '@humanwhocodes/retry': [ '0.4.3' ],
366 silly audit   '@img/colour': [ '1.1.0' ],
366 silly audit   '@img/sharp-darwin-arm64': [ '0.34.5' ],
366 silly audit   '@img/sharp-darwin-x64': [ '0.34.5' ],
366 silly audit   '@img/sharp-libvips-darwin-arm64': [ '1.2.4' ],
366 silly audit   '@img/sharp-libvips-darwin-x64': [ '1.2.4' ],
366 silly audit   '@img/sharp-libvips-linux-arm': [ '1.2.4' ],
366 silly audit   '@img/sharp-libvips-linux-arm64': [ '1.2.4' ],
366 silly audit   '@img/sharp-libvips-linux-ppc64': [ '1.2.4' ],
366 silly audit   '@img/sharp-libvips-linux-riscv64': [ '1.2.4' ],
366 silly audit   '@img/sharp-libvips-linux-s390x': [ '1.2.4' ],
366 silly audit   '@img/sharp-libvips-linux-x64': [ '1.2.4' ],
366 silly audit   '@img/sharp-libvips-linuxmusl-arm64': [ '1.2.4' ],
366 silly audit   '@img/sharp-libvips-linuxmusl-x64': [ '1.2.4' ],
366 silly audit   '@img/sharp-linux-arm': [ '0.34.5' ],
366 silly audit   '@img/sharp-linux-arm64': [ '0.34.5' ],
366 silly audit   '@img/sharp-linux-ppc64': [ '0.34.5' ],
366 silly audit   '@img/sharp-linux-riscv64': [ '0.34.5' ],
366 silly audit   '@img/sharp-linux-s390x': [ '0.34.5' ],
366 silly audit   '@img/sharp-linux-x64': [ '0.34.5' ],
366 silly audit   '@img/sharp-linuxmusl-arm64': [ '0.34.5' ],
366 silly audit   '@img/sharp-linuxmusl-x64': [ '0.34.5' ],
366 silly audit   '@img/sharp-wasm32': [ '0.34.5' ],
366 silly audit   '@img/sharp-win32-arm64': [ '0.34.5' ],
366 silly audit   '@img/sharp-win32-ia32': [ '0.34.5' ],
366 silly audit   '@img/sharp-win32-x64': [ '0.34.5' ],
366 silly audit   '@jridgewell/gen-mapping': [ '0.3.13' ],
366 silly audit   '@jridgewell/remapping': [ '2.3.5' ],
366 silly audit   '@jridgewell/resolve-uri': [ '3.1.2' ],
366 silly audit   '@jridgewell/sourcemap-codec': [ '1.5.5' ],
366 silly audit   '@jridgewell/trace-mapping': [ '0.3.31' ],
366 silly audit   '@napi-rs/wasm-runtime': [ '0.2.12' ],
366 silly audit   '@next/env': [ '16.2.6' ],
366 silly audit   '@next/eslint-plugin-next': [ '16.2.6' ],
366 silly audit   '@next/swc-darwin-arm64': [ '16.2.6' ],
366 silly audit   '@next/swc-darwin-x64': [ '16.2.6' ],
366 silly audit   '@next/swc-linux-arm64-gnu': [ '16.2.6' ],
366 silly audit   '@next/swc-linux-arm64-musl': [ '16.2.6' ],
366 silly audit   '@next/swc-linux-x64-gnu': [ '16.2.6' ],
366 silly audit   '@next/swc-linux-x64-musl': [ '16.2.6' ],
366 silly audit   '@next/swc-win32-arm64-msvc': [ '16.2.6' ],
366 silly audit   '@next/swc-win32-x64-msvc': [ '16.2.6' ],
366 silly audit   '@nodelib/fs.scandir': [ '2.1.5' ],
366 silly audit   '@nodelib/fs.stat': [ '2.0.5' ],
366 silly audit   '@nodelib/fs.walk': [ '1.2.8' ],
366 silly audit   '@nolyfill/is-core-module': [ '1.0.39' ],
366 silly audit   '@rtsao/scc': [ '1.1.0' ],
366 silly audit   '@supabase/auth-js': [ '2.105.4' ],
366 silly audit   '@supabase/functions-js': [ '2.105.4' ],
366 silly audit   '@supabase/phoenix': [ '0.4.2' ],
366 silly audit   '@supabase/postgrest-js': [ '2.105.4' ],
366 silly audit   '@supabase/realtime-js': [ '2.105.4' ],
366 silly audit   '@supabase/storage-js': [ '2.105.4' ],
366 silly audit   '@supabase/supabase-js': [ '2.105.4' ],
366 silly audit   '@swc/helpers': [ '0.5.15' ],
366 silly audit   '@tailwindcss/node': [ '4.3.0' ],
366 silly audit   '@tailwindcss/oxide': [ '4.3.0' ],
366 silly audit   '@tailwindcss/oxide-android-arm64': [ '4.3.0' ],
366 silly audit   '@tailwindcss/oxide-darwin-arm64': [ '4.3.0' ],
366 silly audit   '@tailwindcss/oxide-darwin-x64': [ '4.3.0' ],
366 silly audit   '@tailwindcss/oxide-freebsd-x64': [ '4.3.0' ],
366 silly audit   '@tailwindcss/oxide-linux-arm-gnueabihf': [ '4.3.0' ],
366 silly audit   '@tailwindcss/oxide-linux-arm64-gnu': [ '4.3.0' ],
366 silly audit   '@tailwindcss/oxide-linux-arm64-musl': [ '4.3.0' ],
366 silly audit   '@tailwindcss/oxide-linux-x64-gnu': [ '4.3.0' ],
366 silly audit   '@tailwindcss/oxide-linux-x64-musl': [ '4.3.0' ],
366 silly audit   '@tailwindcss/oxide-wasm32-wasi': [ '4.3.0' ],
366 silly audit   '@tailwindcss/oxide-win32-arm64-msvc': [ '4.3.0' ],
366 silly audit   '@tailwindcss/oxide-win32-x64-msvc': [ '4.3.0' ],
366 silly audit   '@tailwindcss/postcss': [ '4.3.0' ],
366 silly audit   '@tybys/wasm-util': [ '0.10.2' ],
366 silly audit   '@types/estree': [ '1.0.9' ],
366 silly audit   '@types/json-schema': [ '7.0.15' ],
366 silly audit   '@types/json5': [ '0.0.29' ],
366 silly audit   '@types/node': [ '20.19.41' ],
366 silly audit   '@types/react': [ '19.2.14' ],
366 silly audit   '@types/react-dom': [ '19.2.3' ],
366 silly audit   '@typescript-eslint/eslint-plugin': [ '8.59.3' ],
366 silly audit   ignore: [ '7.0.5', '5.3.2' ],
366 silly audit   '@typescript-eslint/parser': [ '8.59.3' ],
366 silly audit   '@typescript-eslint/project-service': [ '8.59.3' ],
366 silly audit   '@typescript-eslint/scope-manager': [ '8.59.3' ],
366 silly audit   '@typescript-eslint/tsconfig-utils': [ '8.59.3' ],
366 silly audit   '@typescript-eslint/type-utils': [ '8.59.3' ],
366 silly audit   '@typescript-eslint/types': [ '8.59.3' ],
366 silly audit   '@typescript-eslint/typescript-estree': [ '8.59.3' ],
366 silly audit   'balanced-match': [ '4.0.4', '1.0.2' ],
366 silly audit   'brace-expansion': [ '5.0.6', '1.1.14' ],
366 silly audit   minimatch: [ '10.2.5', '3.1.5' ],
366 silly audit   semver: [ '7.8.0', '6.3.1' ],
366 silly audit   '@typescript-eslint/utils': [ '8.59.3' ],
366 silly audit   '@typescript-eslint/visitor-keys': [ '8.59.3' ],
366 silly audit   '@unrs/resolver-binding-android-arm-eabi': [ '1.11.1' ],
366 silly audit   '@unrs/resolver-binding-android-arm64': [ '1.11.1' ],
366 silly audit   '@unrs/resolver-binding-darwin-arm64': [ '1.11.1' ],
366 silly audit   '@unrs/resolver-binding-darwin-x64': [ '1.11.1' ],
366 silly audit   '@unrs/resolver-binding-freebsd-x64': [ '1.11.1' ],
366 silly audit   '@unrs/resolver-binding-linux-arm-gnueabihf': [ '1.11.1' ],
366 silly audit   '@unrs/resolver-binding-linux-arm-musleabihf': [ '1.11.1' ],
366 silly audit   '@unrs/resolver-binding-linux-arm64-gnu': [ '1.11.1' ],
366 silly audit   '@unrs/resolver-binding-linux-arm64-musl': [ '1.11.1' ],
366 silly audit   '@unrs/resolver-binding-linux-ppc64-gnu': [ '1.11.1' ],
366 silly audit   '@unrs/resolver-binding-linux-riscv64-gnu': [ '1.11.1' ],
366 silly audit   '@unrs/resolver-binding-linux-riscv64-musl': [ '1.11.1' ],
366 silly audit   '@unrs/resolver-binding-linux-s390x-gnu': [ '1.11.1' ],
366 silly audit   '@unrs/resolver-binding-linux-x64-gnu': [ '1.11.1' ],
366 silly audit   '@unrs/resolver-binding-linux-x64-musl': [ '1.11.1' ],
366 silly audit   '@unrs/resolver-binding-wasm32-wasi': [ '1.11.1' ],
366 silly audit   '@unrs/resolver-binding-win32-arm64-msvc': [ '1.11.1' ],
366 silly audit   '@unrs/resolver-binding-win32-ia32-msvc': [ '1.11.1' ],
366 silly audit   '@unrs/resolver-binding-win32-x64-msvc': [ '1.11.1' ],
366 silly audit   acorn: [ '8.16.0' ],
366 silly audit   'acorn-jsx': [ '5.3.2' ],
366 silly audit   ajv: [ '6.15.0' ],
366 silly audit   'ansi-styles': [ '4.3.0' ],
366 silly audit   argparse: [ '2.0.1' ],
366 silly audit   'aria-query': [ '5.3.2' ],
366 silly audit   'array-buffer-byte-length': [ '1.0.2' ],
366 silly audit   'array-includes': [ '3.1.9' ],
366 silly audit   'array.prototype.findlast': [ '1.2.5' ],
366 silly audit   'array.prototype.findlastindex': [ '1.2.6' ],
366 silly audit   'array.prototype.flat': [ '1.3.3' ],
366 silly audit   'array.prototype.flatmap': [ '1.3.3' ],
366 silly audit   'array.prototype.tosorted': [ '1.1.4' ],
366 silly audit   'arraybuffer.prototype.slice': [ '1.0.4' ],
366 silly audit   'ast-types-flow': [ '0.0.8' ],
366 silly audit   'async-function': [ '1.0.0' ],
366 silly audit   'available-typed-arrays': [ '1.0.7' ],
366 silly audit   'axe-core': [ '4.11.4' ],
366 silly audit   'axobject-query': [ '4.1.0' ],
366 silly audit   'baseline-browser-mapping': [ '2.10.29' ],
366 silly audit   braces: [ '3.0.3' ],
366 silly audit   browserslist: [ '4.28.2' ],
366 silly audit   'call-bind': [ '1.0.9' ],
366 silly audit   'call-bind-apply-helpers': [ '1.0.2' ],
366 silly audit   'call-bound': [ '1.0.4' ],
366 silly audit   callsites: [ '3.1.0' ],
366 silly audit   'caniuse-lite': [ '1.0.30001792' ],
366 silly audit   chalk: [ '4.1.2' ],
366 silly audit   'client-only': [ '0.0.1' ],
366 silly audit   'color-convert': [ '2.0.1' ],
366 silly audit   'color-name': [ '1.1.4' ],
366 silly audit   'concat-map': [ '0.0.1' ],
366 silly audit   'convert-source-map': [ '2.0.0' ],
366 silly audit   'cross-spawn': [ '7.0.6' ],
366 silly audit   csstype: [ '3.2.3' ],
366 silly audit   'damerau-levenshtein': [ '1.0.8' ],
366 silly audit   'data-view-buffer': [ '1.0.2' ],
366 silly audit   'data-view-byte-length': [ '1.0.2' ],
366 silly audit   'data-view-byte-offset': [ '1.0.1' ],
366 silly audit   debug: [ '4.4.3', '3.2.7' ],
366 silly audit   'deep-is': [ '0.1.4' ],
366 silly audit   'define-data-property': [ '1.1.4' ],
366 silly audit   'define-properties': [ '1.2.1' ],
366 silly audit   'detect-libc': [ '2.1.2' ],
366 silly audit   doctrine: [ '2.1.0' ],
366 silly audit   'dunder-proto': [ '1.0.1' ],
366 silly audit   'electron-to-chromium': [ '1.5.355' ],
366 silly audit   'emoji-regex': [ '9.2.2' ],
366 silly audit   'enhanced-resolve': [ '5.21.3' ],
366 silly audit   'es-abstract': [ '1.24.2' ],
366 silly audit   'es-define-property': [ '1.0.1' ],
366 silly audit   'es-errors': [ '1.3.0' ],
366 silly audit   'es-iterator-helpers': [ '1.3.2' ],
366 silly audit   'es-object-atoms': [ '1.1.1' ],
366 silly audit   'es-set-tostringtag': [ '2.1.0' ],
366 silly audit   'es-shim-unscopables': [ '1.1.0' ],
366 silly audit   'es-to-primitive': [ '1.3.0' ],
366 silly audit   escalade: [ '3.2.0' ],
366 silly audit   'escape-string-regexp': [ '4.0.0' ],
366 silly audit   eslint: [ '9.39.4' ],
366 silly audit   'eslint-config-next': [ '16.2.6' ],
366 silly audit   globals: [ '16.4.0', '14.0.0' ],
366 silly audit   'eslint-import-resolver-node': [ '0.3.10' ],
366 silly audit   'eslint-import-resolver-typescript': [ '3.10.1' ],
366 silly audit   'eslint-module-utils': [ '2.12.1' ],
366 silly audit   'eslint-plugin-import': [ '2.32.0' ],
366 silly audit   'eslint-plugin-jsx-a11y': [ '6.10.2' ],
366 silly audit   'eslint-plugin-react': [ '7.37.5' ],
366 silly audit   'eslint-plugin-react-hooks': [ '7.1.1' ],
366 silly audit   'eslint-scope': [ '8.4.0' ],
366 silly audit   espree: [ '10.4.0' ],
366 silly audit   esquery: [ '1.7.0' ],
366 silly audit   esrecurse: [ '4.3.0' ],
366 silly audit   estraverse: [ '5.3.0' ],
366 silly audit   esutils: [ '2.0.3' ],
366 silly audit   'fast-deep-equal': [ '3.1.3' ],
366 silly audit   'fast-glob': [ '3.3.1' ],
366 silly audit   'glob-parent': [ '5.1.2', '6.0.2' ],
366 silly audit   'fast-json-stable-stringify': [ '2.1.0' ],
366 silly audit   'fast-levenshtein': [ '2.0.6' ],
366 silly audit   fastq: [ '1.20.1' ],
366 silly audit   'file-entry-cache': [ '8.0.0' ],
366 silly audit   'fill-range': [ '7.1.1' ],
366 silly audit   'find-up': [ '5.0.0' ],
366 silly audit   'flat-cache': [ '4.0.1' ],
366 silly audit   flatted: [ '3.4.2' ],
366 silly audit   'for-each': [ '0.3.5' ],
366 silly audit   'function-bind': [ '1.1.2' ],
366 silly audit   'function.prototype.name': [ '1.1.8' ],
366 silly audit   'functions-have-names': [ '1.2.3' ],
366 silly audit   'generator-function': [ '2.0.1' ],
366 silly audit   gensync: [ '1.0.0-beta.2' ],
366 silly audit   'get-intrinsic': [ '1.3.0' ],
366 silly audit   'get-proto': [ '1.0.1' ],
366 silly audit   'get-symbol-description': [ '1.1.0' ],
366 silly audit   'get-tsconfig': [ '4.14.0' ],
366 silly audit   globalthis: [ '1.0.4' ],
366 silly audit   gopd: [ '1.2.0' ],
366 silly audit   'graceful-fs': [ '4.2.11' ],
366 silly audit   'has-bigints': [ '1.1.0' ],
366 silly audit   'has-flag': [ '4.0.0' ],
366 silly audit   'has-property-descriptors': [ '1.0.2' ],
366 silly audit   'has-proto': [ '1.2.0' ],
366 silly audit   'has-symbols': [ '1.1.0' ],
366 silly audit   'has-tostringtag': [ '1.0.2' ],
366 silly audit   hasown: [ '2.0.3' ],
366 silly audit   'hermes-estree': [ '0.25.1' ],
366 silly audit   'hermes-parser': [ '0.25.1' ],
366 silly audit   'iceberg-js': [ '0.8.1' ],
366 silly audit   'import-fresh': [ '3.3.1' ],
366 silly audit   imurmurhash: [ '0.1.4' ],
366 silly audit   'internal-slot': [ '1.1.0' ],
366 silly audit   'is-array-buffer': [ '3.0.5' ],
366 silly audit   'is-async-function': [ '2.1.1' ],
366 silly audit   'is-bigint': [ '1.1.0' ],
366 silly audit   'is-boolean-object': [ '1.2.2' ],
366 silly audit   'is-bun-module': [ '2.0.0' ],
366 silly audit   'is-callable': [ '1.2.7' ],
366 silly audit   'is-core-module': [ '2.16.2' ],
366 silly audit   'is-data-view': [ '1.0.2' ],
366 silly audit   'is-date-object': [ '1.1.0' ],
366 silly audit   'is-extglob': [ '2.1.1' ],
366 silly audit   'is-finalizationregistry': [ '1.1.1' ],
366 silly audit   'is-generator-function': [ '1.1.2' ],
366 silly audit   'is-glob': [ '4.0.3' ],
366 silly audit   'is-map': [ '2.0.3' ],
366 silly audit   'is-negative-zero': [ '2.0.3' ],
366 silly audit   'is-number': [ '7.0.0' ],
366 silly audit   'is-number-object': [ '1.1.1' ],
366 silly audit   'is-regex': [ '1.2.1' ],
366 silly audit   'is-set': [ '2.0.3' ],
366 silly audit   'is-shared-array-buffer': [ '1.0.4' ],
366 silly audit   'is-string': [ '1.1.1' ],
366 silly audit   'is-symbol': [ '1.1.1' ],
366 silly audit   'is-typed-array': [ '1.1.15' ],
366 silly audit   'is-weakmap': [ '2.0.2' ],
366 silly audit   'is-weakref': [ '1.1.1' ],
366 silly audit   'is-weakset': [ '2.0.4' ],
366 silly audit   isarray: [ '2.0.5' ],
366 silly audit   isexe: [ '2.0.0' ],
366 silly audit   'iterator.prototype': [ '1.1.5' ],
366 silly audit   jiti: [ '2.7.0' ],
366 silly audit   'js-tokens': [ '4.0.0' ],
366 silly audit   'js-yaml': [ '4.1.1' ],
366 silly audit   jsesc: [ '3.1.0' ],
366 silly audit   'json-buffer': [ '3.0.1' ],
366 silly audit   'json-schema-traverse': [ '0.4.1' ],
366 silly audit   'json-stable-stringify-without-jsonify': [ '1.0.1' ],
366 silly audit   json5: [ '2.2.3', '1.0.2' ],
366 silly audit   'jsx-ast-utils': [ '3.3.5' ],
366 silly audit   keyv: [ '4.5.4' ],
366 silly audit   'language-subtag-registry': [ '0.3.23' ],
366 silly audit   'language-tags': [ '1.0.9' ],
366 silly audit   levn: [ '0.4.1' ],
366 silly audit   lightningcss: [ '1.32.0' ],
366 silly audit   'lightningcss-android-arm64': [ '1.32.0' ],
366 silly audit   'lightningcss-darwin-arm64': [ '1.32.0' ],
366 silly audit   'lightningcss-darwin-x64': [ '1.32.0' ],
366 silly audit   'lightningcss-freebsd-x64': [ '1.32.0' ],
366 silly audit   'lightningcss-linux-arm-gnueabihf': [ '1.32.0' ],
366 silly audit   'lightningcss-linux-arm64-gnu': [ '1.32.0' ],
366 silly audit   'lightningcss-linux-arm64-musl': [ '1.32.0' ],
366 silly audit   'lightningcss-linux-x64-gnu': [ '1.32.0' ],
366 silly audit   'lightningcss-linux-x64-musl': [ '1.32.0' ],
366 silly audit   'lightningcss-win32-arm64-msvc': [ '1.32.0' ],
366 silly audit   'lightningcss-win32-x64-msvc': [ '1.32.0' ],
366 silly audit   'locate-path': [ '6.0.0' ],
366 silly audit   'lodash.merge': [ '4.6.2' ],
366 silly audit   'loose-envify': [ '1.4.0' ],
366 silly audit   'lru-cache': [ '5.1.1' ],
366 silly audit   'magic-string': [ '0.30.21' ],
366 silly audit   'math-intrinsics': [ '1.1.0' ],
366 silly audit   merge2: [ '1.4.1' ],
366 silly audit   micromatch: [ '4.0.8' ],
366 silly audit   minimist: [ '1.2.8' ],
366 silly audit   ms: [ '2.1.3' ],
366 silly audit   nanoid: [ '5.1.11', '3.3.12' ],
366 silly audit   'napi-postinstall': [ '0.3.4' ],
366 silly audit   'natural-compare': [ '1.4.0' ],
366 silly audit   next: [ '16.2.6' ],
366 silly audit   postcss: [ '8.4.31', '8.5.14' ],
366 silly audit   'node-exports-info': [ '1.6.0' ],
366 silly audit   'node-releases': [ '2.0.44' ],
366 silly audit   'object-assign': [ '4.1.1' ],
366 silly audit   'object-inspect': [ '1.13.4' ],
366 silly audit   'object-keys': [ '1.1.1' ],
366 silly audit   'object.assign': [ '4.1.7' ],
366 silly audit   'object.entries': [ '1.1.9' ],
366 silly audit   'object.fromentries': [ '2.0.8' ],
366 silly audit   'object.groupby': [ '1.0.3' ],
366 silly audit   'object.values': [ '1.2.1' ],
366 silly audit   optionator: [ '0.9.4' ],
366 silly audit   'own-keys': [ '1.0.1' ],
366 silly audit   'p-limit': [ '3.1.0' ],
366 silly audit   'p-locate': [ '5.0.0' ],
366 silly audit   'parent-module': [ '1.0.1' ],
366 silly audit   'path-exists': [ '4.0.0' ],
366 silly audit   'path-key': [ '3.1.1' ],
366 silly audit   'path-parse': [ '1.0.7' ],
366 silly audit   picocolors: [ '1.1.1' ],
366 silly audit   picomatch: [ '2.3.2', '4.0.4' ],
366 silly audit   'possible-typed-array-names': [ '1.1.0' ],
366 silly audit   'prelude-ls': [ '1.2.1' ],
366 silly audit   prettier: [ '3.8.3' ],
366 silly audit   'prop-types': [ '15.8.1' ],
366 silly audit   punycode: [ '2.3.1' ],
366 silly audit   'queue-microtask': [ '1.2.3' ],
366 silly audit   react: [ '19.2.4' ],
366 silly audit   'react-dom': [ '19.2.4' ],
366 silly audit   'react-is': [ '16.13.1' ],
366 silly audit   'reflect.getprototypeof': [ '1.0.10' ],
366 silly audit   'regexp.prototype.flags': [ '1.5.4' ],
366 silly audit   resolve: [ '2.0.0-next.6' ],
366 silly audit   'resolve-from': [ '4.0.0' ],
366 silly audit   'resolve-pkg-maps': [ '1.0.0' ],
366 silly audit   reusify: [ '1.1.0' ],
366 silly audit   'run-parallel': [ '1.2.0' ],
366 silly audit   'safe-array-concat': [ '1.1.4' ],
366 silly audit   'safe-push-apply': [ '1.0.0' ],
366 silly audit   'safe-regex-test': [ '1.1.0' ],
366 silly audit   scheduler: [ '0.27.0' ],
366 silly audit   'set-function-length': [ '1.2.2' ],
366 silly audit   'set-function-name': [ '2.0.2' ],
366 silly audit   'set-proto': [ '1.0.0' ],
366 silly audit   sharp: [ '0.34.5' ],
366 silly audit   'shebang-command': [ '2.0.0' ],
366 silly audit   'shebang-regex': [ '3.0.0' ],
366 silly audit   'side-channel': [ '1.1.0' ],
366 silly audit   'side-channel-list': [ '1.0.1' ],
366 silly audit   'side-channel-map': [ '1.0.1' ],
366 silly audit   'side-channel-weakmap': [ '1.0.2' ],
366 silly audit   'source-map-js': [ '1.2.1' ],
366 silly audit   'stable-hash': [ '0.0.5' ],
366 silly audit   'stop-iteration-iterator': [ '1.1.0' ],
366 silly audit   'string.prototype.includes': [ '2.0.1' ],
366 silly audit   'string.prototype.matchall': [ '4.0.12' ],
366 silly audit   'string.prototype.repeat': [ '1.0.0' ],
366 silly audit   'string.prototype.trim': [ '1.2.10' ],
366 silly audit   'string.prototype.trimend': [ '1.0.9' ],
366 silly audit   'string.prototype.trimstart': [ '1.0.8' ],
366 silly audit   'strip-bom': [ '3.0.0' ],
366 silly audit   'strip-json-comments': [ '3.1.1' ],
366 silly audit   'styled-jsx': [ '5.1.6' ],
366 silly audit   'supports-color': [ '7.2.0' ],
366 silly audit   'supports-preserve-symlinks-flag': [ '1.0.0' ],
366 silly audit   tailwindcss: [ '4.3.0' ],
366 silly audit   tapable: [ '2.3.3' ],
366 silly audit   tinyglobby: [ '0.2.16' ],
366 silly audit   fdir: [ '6.5.0' ],
366 silly audit   'to-regex-range': [ '5.0.1' ],
366 silly audit   'ts-api-utils': [ '2.5.0' ],
366 silly audit   'tsconfig-paths': [ '3.15.0' ],
366 silly audit   tslib: [ '2.8.1' ],
366 silly audit   'type-check': [ '0.4.0' ],
366 silly audit   'typed-array-buffer': [ '1.0.3' ],
366 silly audit   'typed-array-byte-length': [ '1.0.3' ],
366 silly audit   'typed-array-byte-offset': [ '1.0.4' ],
366 silly audit   'typed-array-length': [ '1.0.7' ],
366 silly audit   typescript: [ '5.9.3' ],
366 silly audit   'typescript-eslint': [ '8.59.3' ],
366 silly audit   'unbox-primitive': [ '1.1.0' ],
366 silly audit   'undici-types': [ '6.21.0' ],
366 silly audit   'unrs-resolver': [ '1.11.1' ],
366 silly audit   'update-browserslist-db': [ '1.2.3' ],
366 silly audit   'uri-js': [ '4.4.1' ],
366 silly audit   which: [ '2.0.2' ],
366 silly audit   'which-boxed-primitive': [ '1.1.1' ],
366 silly audit   'which-builtin-type': [ '1.2.1' ],
366 silly audit   'which-collection': [ '1.0.2' ],
366 silly audit   'which-typed-array': [ '1.1.20' ],
366 silly audit   'word-wrap': [ '1.2.5' ],
366 silly audit   yallist: [ '3.1.1' ],
366 silly audit   'yocto-queue': [ '0.1.0' ],
366 silly audit   zod: [ '4.4.3' ],
366 silly audit   'zod-validation-error': [ '4.0.2' ]
366 silly audit }
367 http cache @unrs/resolver-binding-win32-x64-msvc@https://registry.npmjs.org/@unrs/resolver-binding-win32-x64-msvc/-/resolver-binding-win32-x64-msvc-1.11.1.tgz 0ms (cache hit)
368 http cache @typescript-eslint/typescript-estree@https://registry.npmjs.org/@typescript-eslint/typescript-estree/-/typescript-estree-8.59.3.tgz 0ms (cache hit)
369 http cache @typescript-eslint/types@https://registry.npmjs.org/@typescript-eslint/types/-/types-8.59.3.tgz 0ms (cache hit)
370 http cache @typescript-eslint/visitor-keys@https://registry.npmjs.org/@typescript-eslint/visitor-keys/-/visitor-keys-8.59.3.tgz 0ms (cache hit)
371 http cache @typescript-eslint/tsconfig-utils@https://registry.npmjs.org/@typescript-eslint/tsconfig-utils/-/tsconfig-utils-8.59.3.tgz 0ms (cache hit)
372 http cache @typescript-eslint/scope-manager@https://registry.npmjs.org/@typescript-eslint/scope-manager/-/scope-manager-8.59.3.tgz 0ms (cache hit)
373 http cache @typescript-eslint/type-utils@https://registry.npmjs.org/@typescript-eslint/type-utils/-/type-utils-8.59.3.tgz 0ms (cache hit)
374 http cache @typescript-eslint/project-service@https://registry.npmjs.org/@typescript-eslint/project-service/-/project-service-8.59.3.tgz 0ms (cache hit)
375 http cache @typescript-eslint/utils@https://registry.npmjs.org/@typescript-eslint/utils/-/utils-8.59.3.tgz 0ms (cache hit)
376 http cache @typescript-eslint/parser@https://registry.npmjs.org/@typescript-eslint/parser/-/parser-8.59.3.tgz 0ms (cache hit)
377 http cache @types/react-dom@https://registry.npmjs.org/@types/react-dom/-/react-dom-19.2.3.tgz 0ms (cache hit)
378 http cache @types/react@https://registry.npmjs.org/@types/react/-/react-19.2.14.tgz 0ms (cache hit)
379 http cache @types/json5@https://registry.npmjs.org/@types/json5/-/json5-0.0.29.tgz 0ms (cache hit)
380 http cache @tailwindcss/oxide@https://registry.npmjs.org/@tailwindcss/oxide/-/oxide-4.3.0.tgz 0ms (cache hit)
381 http cache @swc/helpers@https://registry.npmjs.org/@swc/helpers/-/helpers-0.5.15.tgz 0ms (cache hit)
382 http cache @typescript-eslint/eslint-plugin@https://registry.npmjs.org/@typescript-eslint/eslint-plugin/-/eslint-plugin-8.59.3.tgz 0ms (cache hit)
383 http cache @tybys/wasm-util@https://registry.npmjs.org/@tybys/wasm-util/-/wasm-util-0.10.2.tgz 0ms (cache hit)
384 http cache @types/json-schema@https://registry.npmjs.org/@types/json-schema/-/json-schema-7.0.15.tgz 0ms (cache hit)
385 http cache @types/node@https://registry.npmjs.org/@types/node/-/node-20.19.41.tgz 0ms (cache hit)
386 http cache @tailwindcss/oxide-win32-x64-msvc@https://registry.npmjs.org/@tailwindcss/oxide-win32-x64-msvc/-/oxide-win32-x64-msvc-4.3.0.tgz 0ms (cache hit)
387 http cache @types/estree@https://registry.npmjs.org/@types/estree/-/estree-1.0.9.tgz 0ms (cache hit)
388 http cache @supabase/supabase-js@https://registry.npmjs.org/@supabase/supabase-js/-/supabase-js-2.105.4.tgz 0ms (cache hit)
389 http cache @supabase/storage-js@https://registry.npmjs.org/@supabase/storage-js/-/storage-js-2.105.4.tgz 0ms (cache hit)
390 http cache @tailwindcss/postcss@https://registry.npmjs.org/@tailwindcss/postcss/-/postcss-4.3.0.tgz 0ms (cache hit)
391 http cache @tailwindcss/node@https://registry.npmjs.org/@tailwindcss/node/-/node-4.3.0.tgz 0ms (cache hit)
392 http cache @supabase/realtime-js@https://registry.npmjs.org/@supabase/realtime-js/-/realtime-js-2.105.4.tgz 0ms (cache hit)
393 http cache @supabase/postgrest-js@https://registry.npmjs.org/@supabase/postgrest-js/-/postgrest-js-2.105.4.tgz 0ms (cache hit)
394 http cache @supabase/phoenix@https://registry.npmjs.org/@supabase/phoenix/-/phoenix-0.4.2.tgz 0ms (cache hit)
395 http cache @rtsao/scc@https://registry.npmjs.org/@rtsao/scc/-/scc-1.1.0.tgz 0ms (cache hit)
396 http cache @nolyfill/is-core-module@https://registry.npmjs.org/@nolyfill/is-core-module/-/is-core-module-1.0.39.tgz 0ms (cache hit)
397 http cache @nodelib/fs.walk@https://registry.npmjs.org/@nodelib/fs.walk/-/fs.walk-1.2.8.tgz 0ms (cache hit)
398 http cache @nodelib/fs.scandir@https://registry.npmjs.org/@nodelib/fs.scandir/-/fs.scandir-2.1.5.tgz 0ms (cache hit)
399 http cache @next/swc-win32-x64-msvc@https://registry.npmjs.org/@next/swc-win32-x64-msvc/-/swc-win32-x64-msvc-16.2.6.tgz 0ms (cache hit)
400 http cache @nodelib/fs.stat@https://registry.npmjs.org/@nodelib/fs.stat/-/fs.stat-2.0.5.tgz 0ms (cache hit)
401 http cache @next/eslint-plugin-next@https://registry.npmjs.org/@next/eslint-plugin-next/-/eslint-plugin-next-16.2.6.tgz 0ms (cache hit)
402 http cache @next/env@https://registry.npmjs.org/@next/env/-/env-16.2.6.tgz 0ms (cache hit)
403 http cache @napi-rs/wasm-runtime@https://registry.npmjs.org/@napi-rs/wasm-runtime/-/wasm-runtime-0.2.12.tgz 0ms (cache hit)
404 http cache @supabase/functions-js@https://registry.npmjs.org/@supabase/functions-js/-/functions-js-2.105.4.tgz 0ms (cache hit)
405 http cache @supabase/auth-js@https://registry.npmjs.org/@supabase/auth-js/-/auth-js-2.105.4.tgz 0ms (cache hit)
406 http cache @babel/helpers@https://registry.npmjs.org/@babel/helpers/-/helpers-7.29.2.tgz 0ms (cache hit)
407 http cache @jridgewell/trace-mapping@https://registry.npmjs.org/@jridgewell/trace-mapping/-/trace-mapping-0.3.31.tgz 0ms (cache hit)
408 http cache @img/colour@https://registry.npmjs.org/@img/colour/-/colour-1.1.0.tgz 0ms (cache hit)
409 http cache @jridgewell/resolve-uri@https://registry.npmjs.org/@jridgewell/resolve-uri/-/resolve-uri-3.1.2.tgz 0ms (cache hit)
410 http cache @jridgewell/sourcemap-codec@https://registry.npmjs.org/@jridgewell/sourcemap-codec/-/sourcemap-codec-1.5.5.tgz 0ms (cache hit)
411 http cache @img/sharp-win32-x64@https://registry.npmjs.org/@img/sharp-win32-x64/-/sharp-win32-x64-0.34.5.tgz 0ms (cache hit)
412 http cache @jridgewell/remapping@https://registry.npmjs.org/@jridgewell/remapping/-/remapping-2.3.5.tgz 0ms (cache hit)
413 http cache @jridgewell/gen-mapping@https://registry.npmjs.org/@jridgewell/gen-mapping/-/gen-mapping-0.3.13.tgz 0ms (cache hit)
414 http cache @humanfs/core@https://registry.npmjs.org/@humanfs/core/-/core-0.19.2.tgz 0ms (cache hit)
415 http cache @humanwhocodes/retry@https://registry.npmjs.org/@humanwhocodes/retry/-/retry-0.4.3.tgz 0ms (cache hit)
416 http cache @humanfs/types@https://registry.npmjs.org/@humanfs/types/-/types-0.15.0.tgz 0ms (cache hit)
417 http cache @humanwhocodes/module-importer@https://registry.npmjs.org/@humanwhocodes/module-importer/-/module-importer-1.0.1.tgz 0ms (cache hit)
418 http cache @humanfs/node@https://registry.npmjs.org/@humanfs/node/-/node-0.16.8.tgz 0ms (cache hit)
419 http cache @eslint-community/eslint-utils@https://registry.npmjs.org/@eslint-community/eslint-utils/-/eslint-utils-4.9.1.tgz 0ms (cache hit)
420 http cache @eslint/plugin-kit@https://registry.npmjs.org/@eslint/plugin-kit/-/plugin-kit-0.4.1.tgz 0ms (cache hit)
421 http cache @eslint-community/regexpp@https://registry.npmjs.org/@eslint-community/regexpp/-/regexpp-4.12.2.tgz 0ms (cache hit)
422 http cache @eslint/eslintrc@https://registry.npmjs.org/@eslint/eslintrc/-/eslintrc-3.3.5.tgz 0ms (cache hit)
423 http cache @eslint/object-schema@https://registry.npmjs.org/@eslint/object-schema/-/object-schema-2.1.7.tgz 0ms (cache hit)
424 http cache @google/generative-ai@https://registry.npmjs.org/@google/generative-ai/-/generative-ai-0.24.1.tgz 0ms (cache hit)
425 http cache @emnapi/wasi-threads@https://registry.npmjs.org/@emnapi/wasi-threads/-/wasi-threads-1.2.1.tgz 0ms (cache hit)
426 http cache @emnapi/runtime@https://registry.npmjs.org/@emnapi/runtime/-/runtime-1.10.0.tgz 0ms (cache hit)
427 http cache @eslint/js@https://registry.npmjs.org/@eslint/js/-/js-9.39.4.tgz 0ms (cache hit)
428 http cache @emnapi/core@https://registry.npmjs.org/@emnapi/core/-/core-1.10.0.tgz 0ms (cache hit)
429 http cache @eslint/core@https://registry.npmjs.org/@eslint/core/-/core-0.17.0.tgz 0ms (cache hit)
430 http cache @eslint/config-array@https://registry.npmjs.org/@eslint/config-array/-/config-array-0.21.2.tgz 0ms (cache hit)
431 http cache @eslint/config-helpers@https://registry.npmjs.org/@eslint/config-helpers/-/config-helpers-0.4.2.tgz 0ms (cache hit)
432 http cache @babel/template@https://registry.npmjs.org/@babel/template/-/template-7.28.6.tgz 0ms (cache hit)
433 http cache @babel/traverse@https://registry.npmjs.org/@babel/traverse/-/traverse-7.29.0.tgz 0ms (cache hit)
434 http cache @babel/parser@https://registry.npmjs.org/@babel/parser/-/parser-7.29.3.tgz 0ms (cache hit)
435 http cache @babel/helper-validator-option@https://registry.npmjs.org/@babel/helper-validator-option/-/helper-validator-option-7.27.1.tgz 0ms (cache hit)
436 http cache @babel/helper-string-parser@https://registry.npmjs.org/@babel/helper-string-parser/-/helper-string-parser-7.27.1.tgz 0ms (cache hit)
437 http cache @babel/types@https://registry.npmjs.org/@babel/types/-/types-7.29.0.tgz 0ms (cache hit)
438 http cache @babel/helper-module-transforms@https://registry.npmjs.org/@babel/helper-module-transforms/-/helper-module-transforms-7.28.6.tgz 0ms (cache hit)
439 http cache @babel/helper-module-imports@https://registry.npmjs.org/@babel/helper-module-imports/-/helper-module-imports-7.28.6.tgz 0ms (cache hit)
440 http cache @babel/generator@https://registry.npmjs.org/@babel/generator/-/generator-7.29.1.tgz 0ms (cache hit)
441 http cache @babel/helper-validator-identifier@https://registry.npmjs.org/@babel/helper-validator-identifier/-/helper-validator-identifier-7.28.5.tgz 0ms (cache hit)
442 http cache @babel/helper-compilation-targets@https://registry.npmjs.org/@babel/helper-compilation-targets/-/helper-compilation-targets-7.28.6.tgz 0ms (cache hit)
443 http cache @alloc/quick-lru@https://registry.npmjs.org/@alloc/quick-lru/-/quick-lru-5.2.0.tgz 0ms (cache hit)
444 http cache @babel/helper-globals@https://registry.npmjs.org/@babel/helper-globals/-/helper-globals-7.28.0.tgz 0ms (cache hit)
445 http cache @babel/compat-data@https://registry.npmjs.org/@babel/compat-data/-/compat-data-7.29.3.tgz 0ms (cache hit)
446 http cache @babel/core@https://registry.npmjs.org/@babel/core/-/core-7.29.0.tgz 0ms (cache hit)
447 http cache @babel/code-frame@https://registry.npmjs.org/@babel/code-frame/-/code-frame-7.29.0.tgz 0ms (cache hit)
448 http cache zod@https://registry.npmjs.org/zod/-/zod-4.4.3.tgz 0ms (cache hit)
449 http cache yocto-queue@https://registry.npmjs.org/yocto-queue/-/yocto-queue-0.1.0.tgz 0ms (cache hit)
450 http cache yallist@https://registry.npmjs.org/yallist/-/yallist-3.1.1.tgz 0ms (cache hit)
451 http cache word-wrap@https://registry.npmjs.org/word-wrap/-/word-wrap-1.2.5.tgz 0ms (cache hit)
452 http cache which-builtin-type@https://registry.npmjs.org/which-builtin-type/-/which-builtin-type-1.2.1.tgz 0ms (cache hit)
453 http cache which@https://registry.npmjs.org/which/-/which-2.0.2.tgz 0ms (cache hit)
454 http cache zod-validation-error@https://registry.npmjs.org/zod-validation-error/-/zod-validation-error-4.0.2.tgz 0ms (cache hit)
455 http cache which-boxed-primitive@https://registry.npmjs.org/which-boxed-primitive/-/which-boxed-primitive-1.1.1.tgz 0ms (cache hit)
456 http cache which-collection@https://registry.npmjs.org/which-collection/-/which-collection-1.0.2.tgz 0ms (cache hit)
457 http cache which-typed-array@https://registry.npmjs.org/which-typed-array/-/which-typed-array-1.1.20.tgz 0ms (cache hit)
458 http cache unrs-resolver@https://registry.npmjs.org/unrs-resolver/-/unrs-resolver-1.11.1.tgz 0ms (cache hit)
459 http cache update-browserslist-db@https://registry.npmjs.org/update-browserslist-db/-/update-browserslist-db-1.2.3.tgz 0ms (cache hit)
460 http cache undici-types@https://registry.npmjs.org/undici-types/-/undici-types-6.21.0.tgz 0ms (cache hit)
461 http cache typescript@https://registry.npmjs.org/typescript/-/typescript-5.9.3.tgz 0ms (cache hit)
462 http cache unbox-primitive@https://registry.npmjs.org/unbox-primitive/-/unbox-primitive-1.1.0.tgz 0ms (cache hit)
463 http cache typescript-eslint@https://registry.npmjs.org/typescript-eslint/-/typescript-eslint-8.59.3.tgz 0ms (cache hit)
464 http cache typed-array-length@https://registry.npmjs.org/typed-array-length/-/typed-array-length-1.0.7.tgz 0ms (cache hit)
465 http cache typed-array-buffer@https://registry.npmjs.org/typed-array-buffer/-/typed-array-buffer-1.0.3.tgz 0ms (cache hit)
466 http cache typed-array-byte-length@https://registry.npmjs.org/typed-array-byte-length/-/typed-array-byte-length-1.0.3.tgz 0ms (cache hit)
467 http cache tslib@https://registry.npmjs.org/tslib/-/tslib-2.8.1.tgz 0ms (cache hit)
468 http cache typed-array-byte-offset@https://registry.npmjs.org/typed-array-byte-offset/-/typed-array-byte-offset-1.0.4.tgz 0ms (cache hit)
469 http cache type-check@https://registry.npmjs.org/type-check/-/type-check-0.4.0.tgz 0ms (cache hit)
470 http cache tsconfig-paths@https://registry.npmjs.org/tsconfig-paths/-/tsconfig-paths-3.15.0.tgz 0ms (cache hit)
471 http cache ts-api-utils@https://registry.npmjs.org/ts-api-utils/-/ts-api-utils-2.5.0.tgz 0ms (cache hit)
472 http cache tailwindcss@https://registry.npmjs.org/tailwindcss/-/tailwindcss-4.3.0.tgz 0ms (cache hit)
473 http cache to-regex-range@https://registry.npmjs.org/to-regex-range/-/to-regex-range-5.0.1.tgz 0ms (cache hit)
474 http cache tapable@https://registry.npmjs.org/tapable/-/tapable-2.3.3.tgz 0ms (cache hit)
475 http cache tinyglobby@https://registry.npmjs.org/tinyglobby/-/tinyglobby-0.2.16.tgz 0ms (cache hit)
476 http cache styled-jsx@https://registry.npmjs.org/styled-jsx/-/styled-jsx-5.1.6.tgz 0ms (cache hit)
477 http cache supports-preserve-symlinks-flag@https://registry.npmjs.org/supports-preserve-symlinks-flag/-/supports-preserve-symlinks-flag-1.0.0.tgz 0ms (cache hit)
478 http cache supports-color@https://registry.npmjs.org/supports-color/-/supports-color-7.2.0.tgz 0ms (cache hit)
479 http cache strip-json-comments@https://registry.npmjs.org/strip-json-comments/-/strip-json-comments-3.1.1.tgz 0ms (cache hit)
480 http cache strip-bom@https://registry.npmjs.org/strip-bom/-/strip-bom-3.0.0.tgz 0ms (cache hit)
481 http cache string.prototype.trimend@https://registry.npmjs.org/string.prototype.trimend/-/string.prototype.trimend-1.0.9.tgz 0ms (cache hit)
482 http cache string.prototype.trim@https://registry.npmjs.org/string.prototype.trim/-/string.prototype.trim-1.2.10.tgz 0ms (cache hit)
483 http cache uri-js@https://registry.npmjs.org/uri-js/-/uri-js-4.4.1.tgz 0ms (cache hit)
484 http cache string.prototype.repeat@https://registry.npmjs.org/string.prototype.repeat/-/string.prototype.repeat-1.0.0.tgz 0ms (cache hit)
485 http cache string.prototype.matchall@https://registry.npmjs.org/string.prototype.matchall/-/string.prototype.matchall-4.0.12.tgz 0ms (cache hit)
486 http cache string.prototype.includes@https://registry.npmjs.org/string.prototype.includes/-/string.prototype.includes-2.0.1.tgz 0ms (cache hit)
487 http cache stop-iteration-iterator@https://registry.npmjs.org/stop-iteration-iterator/-/stop-iteration-iterator-1.1.0.tgz 0ms (cache hit)
488 http cache source-map-js@https://registry.npmjs.org/source-map-js/-/source-map-js-1.2.1.tgz 0ms (cache hit)
489 http cache stable-hash@https://registry.npmjs.org/stable-hash/-/stable-hash-0.0.5.tgz 0ms (cache hit)
490 http cache side-channel-weakmap@https://registry.npmjs.org/side-channel-weakmap/-/side-channel-weakmap-1.0.2.tgz 0ms (cache hit)
491 http cache side-channel-map@https://registry.npmjs.org/side-channel-map/-/side-channel-map-1.0.1.tgz 0ms (cache hit)
492 http cache side-channel@https://registry.npmjs.org/side-channel/-/side-channel-1.1.0.tgz 0ms (cache hit)
493 http cache shebang-regex@https://registry.npmjs.org/shebang-regex/-/shebang-regex-3.0.0.tgz 0ms (cache hit)
494 http cache side-channel-list@https://registry.npmjs.org/side-channel-list/-/side-channel-list-1.0.1.tgz 0ms (cache hit)
495 http cache shebang-command@https://registry.npmjs.org/shebang-command/-/shebang-command-2.0.0.tgz 0ms (cache hit)
496 http cache sharp@https://registry.npmjs.org/sharp/-/sharp-0.34.5.tgz 0ms (cache hit)
497 http cache set-proto@https://registry.npmjs.org/set-proto/-/set-proto-1.0.0.tgz 0ms (cache hit)
498 http cache set-function-length@https://registry.npmjs.org/set-function-length/-/set-function-length-1.2.2.tgz 0ms (cache hit)
499 http cache string.prototype.trimstart@https://registry.npmjs.org/string.prototype.trimstart/-/string.prototype.trimstart-1.0.8.tgz 0ms (cache hit)
500 http cache semver@https://registry.npmjs.org/semver/-/semver-6.3.1.tgz 0ms (cache hit)
501 http cache safe-push-apply@https://registry.npmjs.org/safe-push-apply/-/safe-push-apply-1.0.0.tgz 0ms (cache hit)
502 http cache scheduler@https://registry.npmjs.org/scheduler/-/scheduler-0.27.0.tgz 0ms (cache hit)
503 http cache run-parallel@https://registry.npmjs.org/run-parallel/-/run-parallel-1.2.0.tgz 0ms (cache hit)
504 http cache resolve-pkg-maps@https://registry.npmjs.org/resolve-pkg-maps/-/resolve-pkg-maps-1.0.0.tgz 0ms (cache hit)
505 http cache safe-array-concat@https://registry.npmjs.org/safe-array-concat/-/safe-array-concat-1.1.4.tgz 0ms (cache hit)
506 http cache resolve-from@https://registry.npmjs.org/resolve-from/-/resolve-from-4.0.0.tgz 0ms (cache hit)
507 http cache reusify@https://registry.npmjs.org/reusify/-/reusify-1.1.0.tgz 0ms (cache hit)
508 http cache resolve@https://registry.npmjs.org/resolve/-/resolve-2.0.0-next.6.tgz 0ms (cache hit)
509 http cache reflect.getprototypeof@https://registry.npmjs.org/reflect.getprototypeof/-/reflect.getprototypeof-1.0.10.tgz 0ms (cache hit)
510 http cache regexp.prototype.flags@https://registry.npmjs.org/regexp.prototype.flags/-/regexp.prototype.flags-1.5.4.tgz 0ms (cache hit)
511 http cache react-is@https://registry.npmjs.org/react-is/-/react-is-16.13.1.tgz 0ms (cache hit)
512 http cache safe-regex-test@https://registry.npmjs.org/safe-regex-test/-/safe-regex-test-1.1.0.tgz 0ms (cache hit)
513 http cache react-dom@https://registry.npmjs.org/react-dom/-/react-dom-19.2.4.tgz 0ms (cache hit)
514 http cache punycode@https://registry.npmjs.org/punycode/-/punycode-2.3.1.tgz 0ms (cache hit)
515 http cache queue-microtask@https://registry.npmjs.org/queue-microtask/-/queue-microtask-1.2.3.tgz 0ms (cache hit)
516 http cache prop-types@https://registry.npmjs.org/prop-types/-/prop-types-15.8.1.tgz 0ms (cache hit)
517 http cache react@https://registry.npmjs.org/react/-/react-19.2.4.tgz 0ms (cache hit)
518 http cache prettier@https://registry.npmjs.org/prettier/-/prettier-3.8.3.tgz 0ms (cache hit)
519 http cache prelude-ls@https://registry.npmjs.org/prelude-ls/-/prelude-ls-1.2.1.tgz 0ms (cache hit)
520 http cache possible-typed-array-names@https://registry.npmjs.org/possible-typed-array-names/-/possible-typed-array-names-1.1.0.tgz 0ms (cache hit)
521 http cache postcss@https://registry.npmjs.org/postcss/-/postcss-8.5.14.tgz 0ms (cache hit)
522 http cache picomatch@https://registry.npmjs.org/picomatch/-/picomatch-2.3.2.tgz 0ms (cache hit)
523 http cache picocolors@https://registry.npmjs.org/picocolors/-/picocolors-1.1.1.tgz 0ms (cache hit)
524 http cache path-key@https://registry.npmjs.org/path-key/-/path-key-3.1.1.tgz 0ms (cache hit)
525 http cache path-parse@https://registry.npmjs.org/path-parse/-/path-parse-1.0.7.tgz 0ms (cache hit)
526 http cache path-exists@https://registry.npmjs.org/path-exists/-/path-exists-4.0.0.tgz 0ms (cache hit)
527 http cache p-limit@https://registry.npmjs.org/p-limit/-/p-limit-3.1.0.tgz 0ms (cache hit)
528 http cache own-keys@https://registry.npmjs.org/own-keys/-/own-keys-1.0.1.tgz 0ms (cache hit)
529 http cache object.values@https://registry.npmjs.org/object.values/-/object.values-1.2.1.tgz 0ms (cache hit)
530 http cache object.assign@https://registry.npmjs.org/object.assign/-/object.assign-4.1.7.tgz 0ms (cache hit)
531 http cache object.groupby@https://registry.npmjs.org/object.groupby/-/object.groupby-1.0.3.tgz 0ms (cache hit)
532 http cache optionator@https://registry.npmjs.org/optionator/-/optionator-0.9.4.tgz 0ms (cache hit)
533 http cache object.entries@https://registry.npmjs.org/object.entries/-/object.entries-1.1.9.tgz 0ms (cache hit)
534 http cache p-locate@https://registry.npmjs.org/p-locate/-/p-locate-5.0.0.tgz 0ms (cache hit)
535 http cache object-inspect@https://registry.npmjs.org/object-inspect/-/object-inspect-1.13.4.tgz 0ms (cache hit)
536 http cache object.fromentries@https://registry.npmjs.org/object.fromentries/-/object.fromentries-2.0.8.tgz 0ms (cache hit)
537 http cache object-assign@https://registry.npmjs.org/object-assign/-/object-assign-4.1.1.tgz 0ms (cache hit)
538 http cache node-releases@https://registry.npmjs.org/node-releases/-/node-releases-2.0.44.tgz 0ms (cache hit)
539 http cache node-exports-info@https://registry.npmjs.org/node-exports-info/-/node-exports-info-1.6.0.tgz 0ms (cache hit)
540 http cache magic-string@https://registry.npmjs.org/magic-string/-/magic-string-0.30.21.tgz 0ms (cache hit)
541 http cache next@https://registry.npmjs.org/next/-/next-16.2.6.tgz 0ms (cache hit)
542 http cache nanoid@https://registry.npmjs.org/nanoid/-/nanoid-5.1.11.tgz 0ms (cache hit)
543 http cache napi-postinstall@https://registry.npmjs.org/napi-postinstall/-/napi-postinstall-0.3.4.tgz 0ms (cache hit)
544 http cache object-keys@https://registry.npmjs.org/object-keys/-/object-keys-1.1.1.tgz 0ms (cache hit)
545 http cache natural-compare@https://registry.npmjs.org/natural-compare/-/natural-compare-1.4.0.tgz 0ms (cache hit)
546 http cache micromatch@https://registry.npmjs.org/micromatch/-/micromatch-4.0.8.tgz 0ms (cache hit)
547 http cache minimist@https://registry.npmjs.org/minimist/-/minimist-1.2.8.tgz 0ms (cache hit)
548 http cache set-function-name@https://registry.npmjs.org/set-function-name/-/set-function-name-2.0.2.tgz 0ms (cache hit)
549 http cache minimatch@https://registry.npmjs.org/minimatch/-/minimatch-3.1.5.tgz 0ms (cache hit)
550 http cache lru-cache@https://registry.npmjs.org/lru-cache/-/lru-cache-5.1.1.tgz 0ms (cache hit)
551 http cache math-intrinsics@https://registry.npmjs.org/math-intrinsics/-/math-intrinsics-1.1.0.tgz 0ms (cache hit)
552 http cache loose-envify@https://registry.npmjs.org/loose-envify/-/loose-envify-1.4.0.tgz 0ms (cache hit)
553 http cache ms@https://registry.npmjs.org/ms/-/ms-2.1.3.tgz 0ms (cache hit)
554 http cache lodash.merge@https://registry.npmjs.org/lodash.merge/-/lodash.merge-4.6.2.tgz 0ms (cache hit)
555 http cache merge2@https://registry.npmjs.org/merge2/-/merge2-1.4.1.tgz 0ms (cache hit)
556 http cache lightningcss@https://registry.npmjs.org/lightningcss/-/lightningcss-1.32.0.tgz 0ms (cache hit)
557 http cache locate-path@https://registry.npmjs.org/locate-path/-/locate-path-6.0.0.tgz 0ms (cache hit)
558 http cache language-tags@https://registry.npmjs.org/language-tags/-/language-tags-1.0.9.tgz 0ms (cache hit)
559 http cache lightningcss-win32-x64-msvc@https://registry.npmjs.org/lightningcss-win32-x64-msvc/-/lightningcss-win32-x64-msvc-1.32.0.tgz 0ms (cache hit)
560 http cache language-subtag-registry@https://registry.npmjs.org/language-subtag-registry/-/language-subtag-registry-0.3.23.tgz 0ms (cache hit)
561 http cache levn@https://registry.npmjs.org/levn/-/levn-0.4.1.tgz 0ms (cache hit)
562 http cache json-stable-stringify-without-jsonify@https://registry.npmjs.org/json-stable-stringify-without-jsonify/-/json-stable-stringify-without-jsonify-1.0.1.tgz 0ms (cache hit)
563 http cache jsx-ast-utils@https://registry.npmjs.org/jsx-ast-utils/-/jsx-ast-utils-3.3.5.tgz 0ms (cache hit)
564 http cache keyv@https://registry.npmjs.org/keyv/-/keyv-4.5.4.tgz 0ms (cache hit)
565 http cache json5@https://registry.npmjs.org/json5/-/json5-2.2.3.tgz 0ms (cache hit)
566 http cache json-schema-traverse@https://registry.npmjs.org/json-schema-traverse/-/json-schema-traverse-0.4.1.tgz 0ms (cache hit)
567 http cache json-buffer@https://registry.npmjs.org/json-buffer/-/json-buffer-3.0.1.tgz 0ms (cache hit)
568 http cache jsesc@https://registry.npmjs.org/jsesc/-/jsesc-3.1.0.tgz 0ms (cache hit)
569 http cache jiti@https://registry.npmjs.org/jiti/-/jiti-2.7.0.tgz 0ms (cache hit)
570 http cache js-tokens@https://registry.npmjs.org/js-tokens/-/js-tokens-4.0.0.tgz 0ms (cache hit)
571 http cache js-yaml@https://registry.npmjs.org/js-yaml/-/js-yaml-4.1.1.tgz 0ms (cache hit)
572 http cache isarray@https://registry.npmjs.org/isarray/-/isarray-2.0.5.tgz 0ms (cache hit)
573 http cache iterator.prototype@https://registry.npmjs.org/iterator.prototype/-/iterator.prototype-1.1.5.tgz 0ms (cache hit)
574 http cache is-typed-array@https://registry.npmjs.org/is-typed-array/-/is-typed-array-1.1.15.tgz 0ms (cache hit)
575 http cache isexe@https://registry.npmjs.org/isexe/-/isexe-2.0.0.tgz 0ms (cache hit)
576 http cache is-weakref@https://registry.npmjs.org/is-weakref/-/is-weakref-1.1.1.tgz 0ms (cache hit)
577 http cache is-weakmap@https://registry.npmjs.org/is-weakmap/-/is-weakmap-2.0.2.tgz 0ms (cache hit)
578 http cache is-weakset@https://registry.npmjs.org/is-weakset/-/is-weakset-2.0.4.tgz 0ms (cache hit)
579 http cache is-string@https://registry.npmjs.org/is-string/-/is-string-1.1.1.tgz 0ms (cache hit)
580 http cache is-shared-array-buffer@https://registry.npmjs.org/is-shared-array-buffer/-/is-shared-array-buffer-1.0.4.tgz 0ms (cache hit)
581 http cache is-set@https://registry.npmjs.org/is-set/-/is-set-2.0.3.tgz 0ms (cache hit)
582 http cache is-regex@https://registry.npmjs.org/is-regex/-/is-regex-1.2.1.tgz 0ms (cache hit)
583 http cache is-core-module@https://registry.npmjs.org/is-core-module/-/is-core-module-2.16.2.tgz 0ms (cache hit)
584 http cache is-number@https://registry.npmjs.org/is-number/-/is-number-7.0.0.tgz 0ms (cache hit)
585 http cache is-glob@https://registry.npmjs.org/is-glob/-/is-glob-4.0.3.tgz 0ms (cache hit)
586 http cache is-negative-zero@https://registry.npmjs.org/is-negative-zero/-/is-negative-zero-2.0.3.tgz 0ms (cache hit)
587 http cache is-extglob@https://registry.npmjs.org/is-extglob/-/is-extglob-2.1.1.tgz 0ms (cache hit)
588 http cache is-generator-function@https://registry.npmjs.org/is-generator-function/-/is-generator-function-1.1.2.tgz 0ms (cache hit)
589 http cache is-map@https://registry.npmjs.org/is-map/-/is-map-2.0.3.tgz 0ms (cache hit)
590 http cache is-data-view@https://registry.npmjs.org/is-data-view/-/is-data-view-1.0.2.tgz 0ms (cache hit)
591 http cache is-async-function@https://registry.npmjs.org/is-async-function/-/is-async-function-2.1.1.tgz 0ms (cache hit)
592 http cache is-finalizationregistry@https://registry.npmjs.org/is-finalizationregistry/-/is-finalizationregistry-1.1.1.tgz 0ms (cache hit)
593 http cache is-symbol@https://registry.npmjs.org/is-symbol/-/is-symbol-1.1.1.tgz 0ms (cache hit)
594 http cache is-callable@https://registry.npmjs.org/is-callable/-/is-callable-1.2.7.tgz 0ms (cache hit)
595 http cache is-number-object@https://registry.npmjs.org/is-number-object/-/is-number-object-1.1.1.tgz 0ms (cache hit)
596 http cache is-boolean-object@https://registry.npmjs.org/is-boolean-object/-/is-boolean-object-1.2.2.tgz 0ms (cache hit)
597 http cache is-array-buffer@https://registry.npmjs.org/is-array-buffer/-/is-array-buffer-3.0.5.tgz 0ms (cache hit)
598 http cache internal-slot@https://registry.npmjs.org/internal-slot/-/internal-slot-1.1.0.tgz 0ms (cache hit)
599 http cache is-bun-module@https://registry.npmjs.org/is-bun-module/-/is-bun-module-2.0.0.tgz 0ms (cache hit)
600 http cache is-bigint@https://registry.npmjs.org/is-bigint/-/is-bigint-1.1.0.tgz 0ms (cache hit)
601 http cache import-fresh@https://registry.npmjs.org/import-fresh/-/import-fresh-3.3.1.tgz 0ms (cache hit)
602 http cache ignore@https://registry.npmjs.org/ignore/-/ignore-5.3.2.tgz 0ms (cache hit)
603 http cache iceberg-js@https://registry.npmjs.org/iceberg-js/-/iceberg-js-0.8.1.tgz 0ms (cache hit)
604 http cache hermes-estree@https://registry.npmjs.org/hermes-estree/-/hermes-estree-0.25.1.tgz 0ms (cache hit)
605 http cache imurmurhash@https://registry.npmjs.org/imurmurhash/-/imurmurhash-0.1.4.tgz 1ms (cache hit)
606 http cache hermes-parser@https://registry.npmjs.org/hermes-parser/-/hermes-parser-0.25.1.tgz 0ms (cache hit)
607 http cache has-tostringtag@https://registry.npmjs.org/has-tostringtag/-/has-tostringtag-1.0.2.tgz 0ms (cache hit)
608 http cache has-property-descriptors@https://registry.npmjs.org/has-property-descriptors/-/has-property-descriptors-1.0.2.tgz 0ms (cache hit)
609 http cache has-proto@https://registry.npmjs.org/has-proto/-/has-proto-1.2.0.tgz 0ms (cache hit)
610 http cache has-symbols@https://registry.npmjs.org/has-symbols/-/has-symbols-1.1.0.tgz 0ms (cache hit)
611 http cache has-flag@https://registry.npmjs.org/has-flag/-/has-flag-4.0.0.tgz 0ms (cache hit)
612 http cache gopd@https://registry.npmjs.org/gopd/-/gopd-1.2.0.tgz 0ms (cache hit)
613 http cache graceful-fs@https://registry.npmjs.org/graceful-fs/-/graceful-fs-4.2.11.tgz 0ms (cache hit)
614 http cache globals@https://registry.npmjs.org/globals/-/globals-14.0.0.tgz 0ms (cache hit)
615 http cache is-date-object@https://registry.npmjs.org/is-date-object/-/is-date-object-1.1.0.tgz 0ms (cache hit)
616 http cache parent-module@https://registry.npmjs.org/parent-module/-/parent-module-1.0.1.tgz 0ms (cache hit)
617 http cache glob-parent@https://registry.npmjs.org/glob-parent/-/glob-parent-6.0.2.tgz 0ms (cache hit)
618 http cache get-tsconfig@https://registry.npmjs.org/get-tsconfig/-/get-tsconfig-4.14.0.tgz 0ms (cache hit)
619 http cache hasown@https://registry.npmjs.org/hasown/-/hasown-2.0.3.tgz 0ms (cache hit)
620 http cache function-bind@https://registry.npmjs.org/function-bind/-/function-bind-1.1.2.tgz 0ms (cache hit)
621 http cache get-symbol-description@https://registry.npmjs.org/get-symbol-description/-/get-symbol-description-1.1.0.tgz 0ms (cache hit)
622 http cache has-bigints@https://registry.npmjs.org/has-bigints/-/has-bigints-1.1.0.tgz 0ms (cache hit)
623 http cache get-intrinsic@https://registry.npmjs.org/get-intrinsic/-/get-intrinsic-1.3.0.tgz 0ms (cache hit)
624 http cache functions-have-names@https://registry.npmjs.org/functions-have-names/-/functions-have-names-1.2.3.tgz 0ms (cache hit)
625 http cache for-each@https://registry.npmjs.org/for-each/-/for-each-0.3.5.tgz 0ms (cache hit)
626 http cache get-proto@https://registry.npmjs.org/get-proto/-/get-proto-1.0.1.tgz 0ms (cache hit)
627 http cache generator-function@https://registry.npmjs.org/generator-function/-/generator-function-2.0.1.tgz 0ms (cache hit)
628 http cache function.prototype.name@https://registry.npmjs.org/function.prototype.name/-/function.prototype.name-1.1.8.tgz 0ms (cache hit)
629 http cache flatted@https://registry.npmjs.org/flatted/-/flatted-3.4.2.tgz 0ms (cache hit)
630 http cache fill-range@https://registry.npmjs.org/fill-range/-/fill-range-7.1.1.tgz 0ms (cache hit)
631 http cache flat-cache@https://registry.npmjs.org/flat-cache/-/flat-cache-4.0.1.tgz 0ms (cache hit)
632 http cache fast-levenshtein@https://registry.npmjs.org/fast-levenshtein/-/fast-levenshtein-2.0.6.tgz 0ms (cache hit)
633 http cache gensync@https://registry.npmjs.org/gensync/-/gensync-1.0.0-beta.2.tgz 0ms (cache hit)
634 http cache find-up@https://registry.npmjs.org/find-up/-/find-up-5.0.0.tgz 0ms (cache hit)
635 http cache fast-glob@https://registry.npmjs.org/fast-glob/-/fast-glob-3.3.1.tgz 0ms (cache hit)
636 http cache fast-json-stable-stringify@https://registry.npmjs.org/fast-json-stable-stringify/-/fast-json-stable-stringify-2.1.0.tgz 0ms (cache hit)
637 http cache file-entry-cache@https://registry.npmjs.org/file-entry-cache/-/file-entry-cache-8.0.0.tgz 0ms (cache hit)
638 http cache esutils@https://registry.npmjs.org/esutils/-/esutils-2.0.3.tgz 0ms (cache hit)
639 http cache fastq@https://registry.npmjs.org/fastq/-/fastq-1.20.1.tgz 0ms (cache hit)
640 http cache fast-deep-equal@https://registry.npmjs.org/fast-deep-equal/-/fast-deep-equal-3.1.3.tgz 0ms (cache hit)
641 http cache globalthis@https://registry.npmjs.org/globalthis/-/globalthis-1.0.4.tgz 0ms (cache hit)
642 http cache esquery@https://registry.npmjs.org/esquery/-/esquery-1.7.0.tgz 0ms (cache hit)
643 http cache esrecurse@https://registry.npmjs.org/esrecurse/-/esrecurse-4.3.0.tgz 0ms (cache hit)
644 http cache espree@https://registry.npmjs.org/espree/-/espree-10.4.0.tgz 0ms (cache hit)
645 http cache eslint-scope@https://registry.npmjs.org/eslint-scope/-/eslint-scope-8.4.0.tgz 0ms (cache hit)
646 http cache eslint-plugin-react-hooks@https://registry.npmjs.org/eslint-plugin-react-hooks/-/eslint-plugin-react-hooks-7.1.1.tgz 0ms (cache hit)
647 http cache eslint-plugin-import@https://registry.npmjs.org/eslint-plugin-import/-/eslint-plugin-import-2.32.0.tgz 0ms (cache hit)
648 http cache eslint-plugin-react@https://registry.npmjs.org/eslint-plugin-react/-/eslint-plugin-react-7.37.5.tgz 0ms (cache hit)
649 http cache eslint-plugin-jsx-a11y@https://registry.npmjs.org/eslint-plugin-jsx-a11y/-/eslint-plugin-jsx-a11y-6.10.2.tgz 0ms (cache hit)
650 http cache eslint-module-utils@https://registry.npmjs.org/eslint-module-utils/-/eslint-module-utils-2.12.1.tgz 0ms (cache hit)
651 http cache eslint-import-resolver-typescript@https://registry.npmjs.org/eslint-import-resolver-typescript/-/eslint-import-resolver-typescript-3.10.1.tgz 0ms (cache hit)
652 http cache eslint-config-next@https://registry.npmjs.org/eslint-config-next/-/eslint-config-next-16.2.6.tgz 0ms (cache hit)
653 http cache eslint-import-resolver-node@https://registry.npmjs.org/eslint-import-resolver-node/-/eslint-import-resolver-node-0.3.10.tgz 0ms (cache hit)
654 http cache escape-string-regexp@https://registry.npmjs.org/escape-string-regexp/-/escape-string-regexp-4.0.0.tgz 0ms (cache hit)
655 http cache es-shim-unscopables@https://registry.npmjs.org/es-shim-unscopables/-/es-shim-unscopables-1.1.0.tgz 0ms (cache hit)
656 http cache escalade@https://registry.npmjs.org/escalade/-/escalade-3.2.0.tgz 0ms (cache hit)
657 http cache eslint@https://registry.npmjs.org/eslint/-/eslint-9.39.4.tgz 0ms (cache hit)
658 http cache es-to-primitive@https://registry.npmjs.org/es-to-primitive/-/es-to-primitive-1.3.0.tgz 0ms (cache hit)
659 http cache es-set-tostringtag@https://registry.npmjs.org/es-set-tostringtag/-/es-set-tostringtag-2.1.0.tgz 0ms (cache hit)
660 http cache es-define-property@https://registry.npmjs.org/es-define-property/-/es-define-property-1.0.1.tgz 0ms (cache hit)
661 http cache es-object-atoms@https://registry.npmjs.org/es-object-atoms/-/es-object-atoms-1.1.1.tgz 0ms (cache hit)
662 http cache es-errors@https://registry.npmjs.org/es-errors/-/es-errors-1.3.0.tgz 0ms (cache hit)
663 http cache es-iterator-helpers@https://registry.npmjs.org/es-iterator-helpers/-/es-iterator-helpers-1.3.2.tgz 0ms (cache hit)
664 http cache es-abstract@https://registry.npmjs.org/es-abstract/-/es-abstract-1.24.2.tgz 0ms (cache hit)
665 http cache emoji-regex@https://registry.npmjs.org/emoji-regex/-/emoji-regex-9.2.2.tgz 0ms (cache hit)
666 http cache enhanced-resolve@https://registry.npmjs.org/enhanced-resolve/-/enhanced-resolve-5.21.3.tgz 0ms (cache hit)
667 http cache electron-to-chromium@https://registry.npmjs.org/electron-to-chromium/-/electron-to-chromium-1.5.355.tgz 0ms (cache hit)
668 http cache doctrine@https://registry.npmjs.org/doctrine/-/doctrine-2.1.0.tgz 0ms (cache hit)
669 http cache dunder-proto@https://registry.npmjs.org/dunder-proto/-/dunder-proto-1.0.1.tgz 0ms (cache hit)
670 http cache define-properties@https://registry.npmjs.org/define-properties/-/define-properties-1.2.1.tgz 0ms (cache hit)
671 http cache deep-is@https://registry.npmjs.org/deep-is/-/deep-is-0.1.4.tgz 0ms (cache hit)
672 http cache define-data-property@https://registry.npmjs.org/define-data-property/-/define-data-property-1.1.4.tgz 0ms (cache hit)
673 http cache detect-libc@https://registry.npmjs.org/detect-libc/-/detect-libc-2.1.2.tgz 0ms (cache hit)
674 http cache debug@https://registry.npmjs.org/debug/-/debug-4.4.3.tgz 0ms (cache hit)
675 http cache data-view-byte-offset@https://registry.npmjs.org/data-view-byte-offset/-/data-view-byte-offset-1.0.1.tgz 0ms (cache hit)
676 http cache data-view-byte-length@https://registry.npmjs.org/data-view-byte-length/-/data-view-byte-length-1.0.2.tgz 0ms (cache hit)
677 http cache data-view-buffer@https://registry.npmjs.org/data-view-buffer/-/data-view-buffer-1.0.2.tgz 0ms (cache hit)
678 http cache damerau-levenshtein@https://registry.npmjs.org/damerau-levenshtein/-/damerau-levenshtein-1.0.8.tgz 0ms (cache hit)
679 http cache csstype@https://registry.npmjs.org/csstype/-/csstype-3.2.3.tgz 0ms (cache hit)
680 http cache convert-source-map@https://registry.npmjs.org/convert-source-map/-/convert-source-map-2.0.0.tgz 0ms (cache hit)
681 http cache concat-map@https://registry.npmjs.org/concat-map/-/concat-map-0.0.1.tgz 0ms (cache hit)
682 http cache cross-spawn@https://registry.npmjs.org/cross-spawn/-/cross-spawn-7.0.6.tgz 0ms (cache hit)
683 http cache color-convert@https://registry.npmjs.org/color-convert/-/color-convert-2.0.1.tgz 0ms (cache hit)
684 http cache caniuse-lite@https://registry.npmjs.org/caniuse-lite/-/caniuse-lite-1.0.30001792.tgz 0ms (cache hit)
685 http cache chalk@https://registry.npmjs.org/chalk/-/chalk-4.1.2.tgz 0ms (cache hit)
686 http cache call-bind-apply-helpers@https://registry.npmjs.org/call-bind-apply-helpers/-/call-bind-apply-helpers-1.0.2.tgz 0ms (cache hit)
687 http cache call-bound@https://registry.npmjs.org/call-bound/-/call-bound-1.0.4.tgz 0ms (cache hit)
688 http cache browserslist@https://registry.npmjs.org/browserslist/-/browserslist-4.28.2.tgz 0ms (cache hit)
689 http cache callsites@https://registry.npmjs.org/callsites/-/callsites-3.1.0.tgz 0ms (cache hit)
690 http cache call-bind@https://registry.npmjs.org/call-bind/-/call-bind-1.0.9.tgz 0ms (cache hit)
691 http cache client-only@https://registry.npmjs.org/client-only/-/client-only-0.0.1.tgz 0ms (cache hit)
692 http cache brace-expansion@https://registry.npmjs.org/brace-expansion/-/brace-expansion-1.1.14.tgz 0ms (cache hit)
693 http cache baseline-browser-mapping@https://registry.npmjs.org/baseline-browser-mapping/-/baseline-browser-mapping-2.10.29.tgz 0ms (cache hit)
694 http cache braces@https://registry.npmjs.org/braces/-/braces-3.0.3.tgz 0ms (cache hit)
695 http cache axobject-query@https://registry.npmjs.org/axobject-query/-/axobject-query-4.1.0.tgz 0ms (cache hit)
696 http cache balanced-match@https://registry.npmjs.org/balanced-match/-/balanced-match-1.0.2.tgz 0ms (cache hit)
697 http cache available-typed-arrays@https://registry.npmjs.org/available-typed-arrays/-/available-typed-arrays-1.0.7.tgz 0ms (cache hit)
698 http cache array.prototype.flatmap@https://registry.npmjs.org/array.prototype.flatmap/-/array.prototype.flatmap-1.3.3.tgz 0ms (cache hit)
699 http cache ast-types-flow@https://registry.npmjs.org/ast-types-flow/-/ast-types-flow-0.0.8.tgz 0ms (cache hit)
700 http cache axe-core@https://registry.npmjs.org/axe-core/-/axe-core-4.11.4.tgz 0ms (cache hit)
701 http cache estraverse@https://registry.npmjs.org/estraverse/-/estraverse-5.3.0.tgz 0ms (cache hit)
702 http cache arraybuffer.prototype.slice@https://registry.npmjs.org/arraybuffer.prototype.slice/-/arraybuffer.prototype.slice-1.0.4.tgz 0ms (cache hit)
703 http cache eslint-visitor-keys@https://registry.npmjs.org/eslint-visitor-keys/-/eslint-visitor-keys-4.2.1.tgz 0ms (cache hit)
704 http cache array.prototype.tosorted@https://registry.npmjs.org/array.prototype.tosorted/-/array.prototype.tosorted-1.1.4.tgz 0ms (cache hit)
705 http cache array.prototype.flat@https://registry.npmjs.org/array.prototype.flat/-/array.prototype.flat-1.3.3.tgz 0ms (cache hit)
706 http cache async-function@https://registry.npmjs.org/async-function/-/async-function-1.0.0.tgz 0ms (cache hit)
707 http cache array.prototype.findlastindex@https://registry.npmjs.org/array.prototype.findlastindex/-/array.prototype.findlastindex-1.2.6.tgz 0ms (cache hit)
708 http cache array-includes@https://registry.npmjs.org/array-includes/-/array-includes-3.1.9.tgz 0ms (cache hit)
709 http cache array-buffer-byte-length@https://registry.npmjs.org/array-buffer-byte-length/-/array-buffer-byte-length-1.0.2.tgz 0ms (cache hit)
710 http cache array.prototype.findlast@https://registry.npmjs.org/array.prototype.findlast/-/array.prototype.findlast-1.2.5.tgz 0ms (cache hit)
711 http cache aria-query@https://registry.npmjs.org/aria-query/-/aria-query-5.3.2.tgz 0ms (cache hit)
712 http cache ansi-styles@https://registry.npmjs.org/ansi-styles/-/ansi-styles-4.3.0.tgz 0ms (cache hit)
713 http cache argparse@https://registry.npmjs.org/argparse/-/argparse-2.0.1.tgz 0ms (cache hit)
714 http cache acorn-jsx@https://registry.npmjs.org/acorn-jsx/-/acorn-jsx-5.3.2.tgz 0ms (cache hit)
715 http cache ajv@https://registry.npmjs.org/ajv/-/ajv-6.15.0.tgz 0ms (cache hit)
716 http cache eslint-visitor-keys@https://registry.npmjs.org/eslint-visitor-keys/-/eslint-visitor-keys-5.0.1.tgz 0ms (cache hit)
717 http cache ignore@https://registry.npmjs.org/ignore/-/ignore-7.0.5.tgz 0ms (cache hit)
718 http cache acorn@https://registry.npmjs.org/acorn/-/acorn-8.16.0.tgz 0ms (cache hit)
719 http cache semver@https://registry.npmjs.org/semver/-/semver-7.8.0.tgz 0ms (cache hit)
720 http cache balanced-match@https://registry.npmjs.org/balanced-match/-/balanced-match-4.0.4.tgz 0ms (cache hit)
721 http cache eslint-visitor-keys@https://registry.npmjs.org/eslint-visitor-keys/-/eslint-visitor-keys-3.4.3.tgz 0ms (cache hit)
722 http cache fdir@https://registry.npmjs.org/fdir/-/fdir-6.5.0.tgz 0ms (cache hit)
723 http cache picomatch@https://registry.npmjs.org/picomatch/-/picomatch-4.0.4.tgz 0ms (cache hit)
724 http cache brace-expansion@https://registry.npmjs.org/brace-expansion/-/brace-expansion-5.0.6.tgz 0ms (cache hit)
725 http cache nanoid@https://registry.npmjs.org/nanoid/-/nanoid-3.3.12.tgz 0ms (cache hit)
726 http cache json5@https://registry.npmjs.org/json5/-/json5-1.0.2.tgz 0ms (cache hit)
727 http cache semver@https://registry.npmjs.org/semver/-/semver-7.8.0.tgz 0ms (cache hit)
728 http cache glob-parent@https://registry.npmjs.org/glob-parent/-/glob-parent-5.1.2.tgz 0ms (cache hit)
729 http cache debug@https://registry.npmjs.org/debug/-/debug-3.2.7.tgz 0ms (cache hit)
730 http cache debug@https://registry.npmjs.org/debug/-/debug-3.2.7.tgz 0ms (cache hit)
731 http cache semver@https://registry.npmjs.org/semver/-/semver-7.8.0.tgz 0ms (cache hit)
732 http cache debug@https://registry.npmjs.org/debug/-/debug-3.2.7.tgz 0ms (cache hit)
733 http cache color-name@https://registry.npmjs.org/color-name/-/color-name-1.1.4.tgz 0ms (cache hit)
734 http cache minimatch@https://registry.npmjs.org/minimatch/-/minimatch-10.2.5.tgz 0ms (cache hit)
735 silly tarball no local data for @unrs/resolver-binding-win32-x64-msvc@https://registry.npmjs.org/@unrs/resolver-binding-win32-x64-msvc/-/resolver-binding-win32-x64-msvc-1.11.1.tgz. Extracting by manifest.
736 silly tarball no local data for @typescript-eslint/typescript-estree@https://registry.npmjs.org/@typescript-eslint/typescript-estree/-/typescript-estree-8.59.3.tgz. Extracting by manifest.
737 silly tarball no local data for @typescript-eslint/types@https://registry.npmjs.org/@typescript-eslint/types/-/types-8.59.3.tgz. Extracting by manifest.
738 silly tarball no local data for @typescript-eslint/visitor-keys@https://registry.npmjs.org/@typescript-eslint/visitor-keys/-/visitor-keys-8.59.3.tgz. Extracting by manifest.
739 http cache globals@https://registry.npmjs.org/globals/-/globals-16.4.0.tgz 0ms (cache hit)
740 silly tarball no local data for @typescript-eslint/tsconfig-utils@https://registry.npmjs.org/@typescript-eslint/tsconfig-utils/-/tsconfig-utils-8.59.3.tgz. Extracting by manifest.
741 silly tarball no local data for @typescript-eslint/scope-manager@https://registry.npmjs.org/@typescript-eslint/scope-manager/-/scope-manager-8.59.3.tgz. Extracting by manifest.
742 silly tarball no local data for @typescript-eslint/type-utils@https://registry.npmjs.org/@typescript-eslint/type-utils/-/type-utils-8.59.3.tgz. Extracting by manifest.
743 silly tarball no local data for @typescript-eslint/project-service@https://registry.npmjs.org/@typescript-eslint/project-service/-/project-service-8.59.3.tgz. Extracting by manifest.
744 silly tarball no local data for @typescript-eslint/utils@https://registry.npmjs.org/@typescript-eslint/utils/-/utils-8.59.3.tgz. Extracting by manifest.
745 silly tarball no local data for @typescript-eslint/parser@https://registry.npmjs.org/@typescript-eslint/parser/-/parser-8.59.3.tgz. Extracting by manifest.
746 silly tarball no local data for @types/react-dom@https://registry.npmjs.org/@types/react-dom/-/react-dom-19.2.3.tgz. Extracting by manifest.
747 silly tarball no local data for @types/react@https://registry.npmjs.org/@types/react/-/react-19.2.14.tgz. Extracting by manifest.
748 silly tarball no local data for @types/json5@https://registry.npmjs.org/@types/json5/-/json5-0.0.29.tgz. Extracting by manifest.
749 silly tarball no local data for @tailwindcss/oxide@https://registry.npmjs.org/@tailwindcss/oxide/-/oxide-4.3.0.tgz. Extracting by manifest.
750 silly tarball no local data for @swc/helpers@https://registry.npmjs.org/@swc/helpers/-/helpers-0.5.15.tgz. Extracting by manifest.
751 silly tarball no local data for @typescript-eslint/eslint-plugin@https://registry.npmjs.org/@typescript-eslint/eslint-plugin/-/eslint-plugin-8.59.3.tgz. Extracting by manifest.
752 silly tarball no local data for @tybys/wasm-util@https://registry.npmjs.org/@tybys/wasm-util/-/wasm-util-0.10.2.tgz. Extracting by manifest.
753 silly tarball no local data for @types/json-schema@https://registry.npmjs.org/@types/json-schema/-/json-schema-7.0.15.tgz. Extracting by manifest.
754 silly tarball no local data for @types/node@https://registry.npmjs.org/@types/node/-/node-20.19.41.tgz. Extracting by manifest.
755 silly tarball no local data for @tailwindcss/oxide-win32-x64-msvc@https://registry.npmjs.org/@tailwindcss/oxide-win32-x64-msvc/-/oxide-win32-x64-msvc-4.3.0.tgz. Extracting by manifest.
756 silly tarball no local data for @types/estree@https://registry.npmjs.org/@types/estree/-/estree-1.0.9.tgz. Extracting by manifest.
757 silly tarball no local data for @supabase/supabase-js@https://registry.npmjs.org/@supabase/supabase-js/-/supabase-js-2.105.4.tgz. Extracting by manifest.
758 silly tarball no local data for @supabase/storage-js@https://registry.npmjs.org/@supabase/storage-js/-/storage-js-2.105.4.tgz. Extracting by manifest.
759 silly tarball no local data for @tailwindcss/postcss@https://registry.npmjs.org/@tailwindcss/postcss/-/postcss-4.3.0.tgz. Extracting by manifest.
760 silly tarball no local data for @tailwindcss/node@https://registry.npmjs.org/@tailwindcss/node/-/node-4.3.0.tgz. Extracting by manifest.
761 silly tarball no local data for @supabase/realtime-js@https://registry.npmjs.org/@supabase/realtime-js/-/realtime-js-2.105.4.tgz. Extracting by manifest.
762 silly tarball no local data for @supabase/postgrest-js@https://registry.npmjs.org/@supabase/postgrest-js/-/postgrest-js-2.105.4.tgz. Extracting by manifest.
763 silly tarball no local data for @supabase/phoenix@https://registry.npmjs.org/@supabase/phoenix/-/phoenix-0.4.2.tgz. Extracting by manifest.
764 silly tarball no local data for @rtsao/scc@https://registry.npmjs.org/@rtsao/scc/-/scc-1.1.0.tgz. Extracting by manifest.
765 silly tarball no local data for @nolyfill/is-core-module@https://registry.npmjs.org/@nolyfill/is-core-module/-/is-core-module-1.0.39.tgz. Extracting by manifest.
766 silly tarball no local data for @nodelib/fs.walk@https://registry.npmjs.org/@nodelib/fs.walk/-/fs.walk-1.2.8.tgz. Extracting by manifest.
767 silly tarball no local data for @nodelib/fs.scandir@https://registry.npmjs.org/@nodelib/fs.scandir/-/fs.scandir-2.1.5.tgz. Extracting by manifest.
768 silly tarball no local data for @next/swc-win32-x64-msvc@https://registry.npmjs.org/@next/swc-win32-x64-msvc/-/swc-win32-x64-msvc-16.2.6.tgz. Extracting by manifest.
769 silly tarball no local data for @nodelib/fs.stat@https://registry.npmjs.org/@nodelib/fs.stat/-/fs.stat-2.0.5.tgz. Extracting by manifest.
770 silly tarball no local data for @next/eslint-plugin-next@https://registry.npmjs.org/@next/eslint-plugin-next/-/eslint-plugin-next-16.2.6.tgz. Extracting by manifest.
771 silly tarball no local data for @next/env@https://registry.npmjs.org/@next/env/-/env-16.2.6.tgz. Extracting by manifest.
772 silly tarball no local data for @napi-rs/wasm-runtime@https://registry.npmjs.org/@napi-rs/wasm-runtime/-/wasm-runtime-0.2.12.tgz. Extracting by manifest.
773 silly tarball no local data for @supabase/functions-js@https://registry.npmjs.org/@supabase/functions-js/-/functions-js-2.105.4.tgz. Extracting by manifest.
774 silly tarball no local data for @supabase/auth-js@https://registry.npmjs.org/@supabase/auth-js/-/auth-js-2.105.4.tgz. Extracting by manifest.
775 silly tarball no local data for @babel/helpers@https://registry.npmjs.org/@babel/helpers/-/helpers-7.29.2.tgz. Extracting by manifest.
776 silly tarball no local data for @jridgewell/trace-mapping@https://registry.npmjs.org/@jridgewell/trace-mapping/-/trace-mapping-0.3.31.tgz. Extracting by manifest.
777 silly tarball no local data for @img/colour@https://registry.npmjs.org/@img/colour/-/colour-1.1.0.tgz. Extracting by manifest.
778 silly tarball no local data for @jridgewell/resolve-uri@https://registry.npmjs.org/@jridgewell/resolve-uri/-/resolve-uri-3.1.2.tgz. Extracting by manifest.
779 silly tarball no local data for @jridgewell/sourcemap-codec@https://registry.npmjs.org/@jridgewell/sourcemap-codec/-/sourcemap-codec-1.5.5.tgz. Extracting by manifest.
780 silly tarball no local data for @img/sharp-win32-x64@https://registry.npmjs.org/@img/sharp-win32-x64/-/sharp-win32-x64-0.34.5.tgz. Extracting by manifest.
781 silly tarball no local data for @jridgewell/remapping@https://registry.npmjs.org/@jridgewell/remapping/-/remapping-2.3.5.tgz. Extracting by manifest.
782 silly tarball no local data for @jridgewell/gen-mapping@https://registry.npmjs.org/@jridgewell/gen-mapping/-/gen-mapping-0.3.13.tgz. Extracting by manifest.
783 silly tarball no local data for @humanfs/core@https://registry.npmjs.org/@humanfs/core/-/core-0.19.2.tgz. Extracting by manifest.
784 silly tarball no local data for @humanwhocodes/retry@https://registry.npmjs.org/@humanwhocodes/retry/-/retry-0.4.3.tgz. Extracting by manifest.
785 silly tarball no local data for @humanfs/types@https://registry.npmjs.org/@humanfs/types/-/types-0.15.0.tgz. Extracting by manifest.
786 silly tarball no local data for @humanwhocodes/module-importer@https://registry.npmjs.org/@humanwhocodes/module-importer/-/module-importer-1.0.1.tgz. Extracting by manifest.
787 silly tarball no local data for @humanfs/node@https://registry.npmjs.org/@humanfs/node/-/node-0.16.8.tgz. Extracting by manifest.
788 silly tarball no local data for @eslint-community/eslint-utils@https://registry.npmjs.org/@eslint-community/eslint-utils/-/eslint-utils-4.9.1.tgz. Extracting by manifest.
789 silly tarball no local data for @eslint/plugin-kit@https://registry.npmjs.org/@eslint/plugin-kit/-/plugin-kit-0.4.1.tgz. Extracting by manifest.
790 silly tarball no local data for @eslint-community/regexpp@https://registry.npmjs.org/@eslint-community/regexpp/-/regexpp-4.12.2.tgz. Extracting by manifest.
791 silly tarball no local data for @eslint/eslintrc@https://registry.npmjs.org/@eslint/eslintrc/-/eslintrc-3.3.5.tgz. Extracting by manifest.
792 silly tarball no local data for @eslint/object-schema@https://registry.npmjs.org/@eslint/object-schema/-/object-schema-2.1.7.tgz. Extracting by manifest.
793 silly tarball no local data for @google/generative-ai@https://registry.npmjs.org/@google/generative-ai/-/generative-ai-0.24.1.tgz. Extracting by manifest.
794 silly tarball no local data for @emnapi/wasi-threads@https://registry.npmjs.org/@emnapi/wasi-threads/-/wasi-threads-1.2.1.tgz. Extracting by manifest.
795 silly tarball no local data for @emnapi/runtime@https://registry.npmjs.org/@emnapi/runtime/-/runtime-1.10.0.tgz. Extracting by manifest.
796 silly tarball no local data for @eslint/js@https://registry.npmjs.org/@eslint/js/-/js-9.39.4.tgz. Extracting by manifest.
797 silly tarball no local data for @emnapi/core@https://registry.npmjs.org/@emnapi/core/-/core-1.10.0.tgz. Extracting by manifest.
798 silly tarball no local data for @eslint/core@https://registry.npmjs.org/@eslint/core/-/core-0.17.0.tgz. Extracting by manifest.
799 silly tarball no local data for @eslint/config-array@https://registry.npmjs.org/@eslint/config-array/-/config-array-0.21.2.tgz. Extracting by manifest.
800 silly tarball no local data for @eslint/config-helpers@https://registry.npmjs.org/@eslint/config-helpers/-/config-helpers-0.4.2.tgz. Extracting by manifest.
801 silly tarball no local data for @babel/template@https://registry.npmjs.org/@babel/template/-/template-7.28.6.tgz. Extracting by manifest.
802 silly tarball no local data for @babel/traverse@https://registry.npmjs.org/@babel/traverse/-/traverse-7.29.0.tgz. Extracting by manifest.
803 silly tarball no local data for @babel/parser@https://registry.npmjs.org/@babel/parser/-/parser-7.29.3.tgz. Extracting by manifest.
804 silly tarball no local data for @babel/helper-validator-option@https://registry.npmjs.org/@babel/helper-validator-option/-/helper-validator-option-7.27.1.tgz. Extracting by manifest.
805 silly tarball no local data for @babel/helper-string-parser@https://registry.npmjs.org/@babel/helper-string-parser/-/helper-string-parser-7.27.1.tgz. Extracting by manifest.
806 silly tarball no local data for @babel/types@https://registry.npmjs.org/@babel/types/-/types-7.29.0.tgz. Extracting by manifest.
807 silly tarball no local data for @babel/helper-module-transforms@https://registry.npmjs.org/@babel/helper-module-transforms/-/helper-module-transforms-7.28.6.tgz. Extracting by manifest.
808 silly tarball no local data for @babel/helper-module-imports@https://registry.npmjs.org/@babel/helper-module-imports/-/helper-module-imports-7.28.6.tgz. Extracting by manifest.
809 silly tarball no local data for @babel/generator@https://registry.npmjs.org/@babel/generator/-/generator-7.29.1.tgz. Extracting by manifest.
810 silly tarball no local data for @babel/helper-validator-identifier@https://registry.npmjs.org/@babel/helper-validator-identifier/-/helper-validator-identifier-7.28.5.tgz. Extracting by manifest.
811 silly tarball no local data for @babel/helper-compilation-targets@https://registry.npmjs.org/@babel/helper-compilation-targets/-/helper-compilation-targets-7.28.6.tgz. Extracting by manifest.
812 silly tarball no local data for @alloc/quick-lru@https://registry.npmjs.org/@alloc/quick-lru/-/quick-lru-5.2.0.tgz. Extracting by manifest.
813 silly tarball no local data for @babel/helper-globals@https://registry.npmjs.org/@babel/helper-globals/-/helper-globals-7.28.0.tgz. Extracting by manifest.
814 silly tarball no local data for @babel/compat-data@https://registry.npmjs.org/@babel/compat-data/-/compat-data-7.29.3.tgz. Extracting by manifest.
815 silly tarball no local data for @babel/core@https://registry.npmjs.org/@babel/core/-/core-7.29.0.tgz. Extracting by manifest.
816 silly tarball no local data for @babel/code-frame@https://registry.npmjs.org/@babel/code-frame/-/code-frame-7.29.0.tgz. Extracting by manifest.
817 silly tarball no local data for zod@https://registry.npmjs.org/zod/-/zod-4.4.3.tgz. Extracting by manifest.
818 silly tarball no local data for yocto-queue@https://registry.npmjs.org/yocto-queue/-/yocto-queue-0.1.0.tgz. Extracting by manifest.
819 silly tarball no local data for yallist@https://registry.npmjs.org/yallist/-/yallist-3.1.1.tgz. Extracting by manifest.
820 silly tarball no local data for word-wrap@https://registry.npmjs.org/word-wrap/-/word-wrap-1.2.5.tgz. Extracting by manifest.
821 silly tarball no local data for which-builtin-type@https://registry.npmjs.org/which-builtin-type/-/which-builtin-type-1.2.1.tgz. Extracting by manifest.
822 silly tarball no local data for which@https://registry.npmjs.org/which/-/which-2.0.2.tgz. Extracting by manifest.
823 silly tarball no local data for zod-validation-error@https://registry.npmjs.org/zod-validation-error/-/zod-validation-error-4.0.2.tgz. Extracting by manifest.
824 silly tarball no local data for which-boxed-primitive@https://registry.npmjs.org/which-boxed-primitive/-/which-boxed-primitive-1.1.1.tgz. Extracting by manifest.
825 silly tarball no local data for which-collection@https://registry.npmjs.org/which-collection/-/which-collection-1.0.2.tgz. Extracting by manifest.
826 silly tarball no local data for which-typed-array@https://registry.npmjs.org/which-typed-array/-/which-typed-array-1.1.20.tgz. Extracting by manifest.
827 silly tarball no local data for unrs-resolver@https://registry.npmjs.org/unrs-resolver/-/unrs-resolver-1.11.1.tgz. Extracting by manifest.
828 silly tarball no local data for update-browserslist-db@https://registry.npmjs.org/update-browserslist-db/-/update-browserslist-db-1.2.3.tgz. Extracting by manifest.
829 silly tarball no local data for undici-types@https://registry.npmjs.org/undici-types/-/undici-types-6.21.0.tgz. Extracting by manifest.
830 silly tarball no local data for typescript@https://registry.npmjs.org/typescript/-/typescript-5.9.3.tgz. Extracting by manifest.
831 silly tarball no local data for unbox-primitive@https://registry.npmjs.org/unbox-primitive/-/unbox-primitive-1.1.0.tgz. Extracting by manifest.
832 silly tarball no local data for typescript-eslint@https://registry.npmjs.org/typescript-eslint/-/typescript-eslint-8.59.3.tgz. Extracting by manifest.
833 http cache postcss@https://registry.npmjs.org/postcss/-/postcss-8.4.31.tgz 0ms (cache hit)
834 http cache nanoid@https://registry.npmjs.org/nanoid/-/nanoid-3.3.12.tgz 0ms (cache hit)
835 silly tarball no local data for typed-array-length@https://registry.npmjs.org/typed-array-length/-/typed-array-length-1.0.7.tgz. Extracting by manifest.
836 silly tarball no local data for typed-array-buffer@https://registry.npmjs.org/typed-array-buffer/-/typed-array-buffer-1.0.3.tgz. Extracting by manifest.
837 silly tarball no local data for typed-array-byte-length@https://registry.npmjs.org/typed-array-byte-length/-/typed-array-byte-length-1.0.3.tgz. Extracting by manifest.
838 silly tarball no local data for tslib@https://registry.npmjs.org/tslib/-/tslib-2.8.1.tgz. Extracting by manifest.
839 silly tarball no local data for typed-array-byte-offset@https://registry.npmjs.org/typed-array-byte-offset/-/typed-array-byte-offset-1.0.4.tgz. Extracting by manifest.
840 silly tarball no local data for type-check@https://registry.npmjs.org/type-check/-/type-check-0.4.0.tgz. Extracting by manifest.
841 silly tarball no local data for tsconfig-paths@https://registry.npmjs.org/tsconfig-paths/-/tsconfig-paths-3.15.0.tgz. Extracting by manifest.
842 silly tarball no local data for ts-api-utils@https://registry.npmjs.org/ts-api-utils/-/ts-api-utils-2.5.0.tgz. Extracting by manifest.
843 silly tarball no local data for tailwindcss@https://registry.npmjs.org/tailwindcss/-/tailwindcss-4.3.0.tgz. Extracting by manifest.
844 silly tarball no local data for to-regex-range@https://registry.npmjs.org/to-regex-range/-/to-regex-range-5.0.1.tgz. Extracting by manifest.
845 silly tarball no local data for tapable@https://registry.npmjs.org/tapable/-/tapable-2.3.3.tgz. Extracting by manifest.
846 silly tarball no local data for tinyglobby@https://registry.npmjs.org/tinyglobby/-/tinyglobby-0.2.16.tgz. Extracting by manifest.
847 silly tarball no local data for styled-jsx@https://registry.npmjs.org/styled-jsx/-/styled-jsx-5.1.6.tgz. Extracting by manifest.
848 silly tarball no local data for supports-preserve-symlinks-flag@https://registry.npmjs.org/supports-preserve-symlinks-flag/-/supports-preserve-symlinks-flag-1.0.0.tgz. Extracting by manifest.
849 silly tarball no local data for supports-color@https://registry.npmjs.org/supports-color/-/supports-color-7.2.0.tgz. Extracting by manifest.
850 silly tarball no local data for strip-json-comments@https://registry.npmjs.org/strip-json-comments/-/strip-json-comments-3.1.1.tgz. Extracting by manifest.
851 silly tarball no local data for strip-bom@https://registry.npmjs.org/strip-bom/-/strip-bom-3.0.0.tgz. Extracting by manifest.
852 silly tarball no local data for string.prototype.trimend@https://registry.npmjs.org/string.prototype.trimend/-/string.prototype.trimend-1.0.9.tgz. Extracting by manifest.
853 silly tarball no local data for string.prototype.trim@https://registry.npmjs.org/string.prototype.trim/-/string.prototype.trim-1.2.10.tgz. Extracting by manifest.
854 silly tarball no local data for uri-js@https://registry.npmjs.org/uri-js/-/uri-js-4.4.1.tgz. Extracting by manifest.
855 silly tarball no local data for string.prototype.repeat@https://registry.npmjs.org/string.prototype.repeat/-/string.prototype.repeat-1.0.0.tgz. Extracting by manifest.
856 silly tarball no local data for string.prototype.matchall@https://registry.npmjs.org/string.prototype.matchall/-/string.prototype.matchall-4.0.12.tgz. Extracting by manifest.
857 silly tarball no local data for string.prototype.includes@https://registry.npmjs.org/string.prototype.includes/-/string.prototype.includes-2.0.1.tgz. Extracting by manifest.
858 silly tarball no local data for stop-iteration-iterator@https://registry.npmjs.org/stop-iteration-iterator/-/stop-iteration-iterator-1.1.0.tgz. Extracting by manifest.
859 silly tarball no local data for source-map-js@https://registry.npmjs.org/source-map-js/-/source-map-js-1.2.1.tgz. Extracting by manifest.
860 silly tarball no local data for stable-hash@https://registry.npmjs.org/stable-hash/-/stable-hash-0.0.5.tgz. Extracting by manifest.
861 silly tarball no local data for side-channel-weakmap@https://registry.npmjs.org/side-channel-weakmap/-/side-channel-weakmap-1.0.2.tgz. Extracting by manifest.
862 silly tarball no local data for side-channel-map@https://registry.npmjs.org/side-channel-map/-/side-channel-map-1.0.1.tgz. Extracting by manifest.
863 silly tarball no local data for side-channel@https://registry.npmjs.org/side-channel/-/side-channel-1.1.0.tgz. Extracting by manifest.
864 silly tarball no local data for shebang-regex@https://registry.npmjs.org/shebang-regex/-/shebang-regex-3.0.0.tgz. Extracting by manifest.
865 silly tarball no local data for side-channel-list@https://registry.npmjs.org/side-channel-list/-/side-channel-list-1.0.1.tgz. Extracting by manifest.
866 silly tarball no local data for shebang-command@https://registry.npmjs.org/shebang-command/-/shebang-command-2.0.0.tgz. Extracting by manifest.
867 silly tarball no local data for sharp@https://registry.npmjs.org/sharp/-/sharp-0.34.5.tgz. Extracting by manifest.
868 silly tarball no local data for set-proto@https://registry.npmjs.org/set-proto/-/set-proto-1.0.0.tgz. Extracting by manifest.
869 silly tarball no local data for set-function-length@https://registry.npmjs.org/set-function-length/-/set-function-length-1.2.2.tgz. Extracting by manifest.
870 silly tarball no local data for string.prototype.trimstart@https://registry.npmjs.org/string.prototype.trimstart/-/string.prototype.trimstart-1.0.8.tgz. Extracting by manifest.
871 silly tarball no local data for semver@https://registry.npmjs.org/semver/-/semver-6.3.1.tgz. Extracting by manifest.
872 silly tarball no local data for safe-push-apply@https://registry.npmjs.org/safe-push-apply/-/safe-push-apply-1.0.0.tgz. Extracting by manifest.
873 silly tarball no local data for scheduler@https://registry.npmjs.org/scheduler/-/scheduler-0.27.0.tgz. Extracting by manifest.
874 silly tarball no local data for run-parallel@https://registry.npmjs.org/run-parallel/-/run-parallel-1.2.0.tgz. Extracting by manifest.
875 silly tarball no local data for resolve-pkg-maps@https://registry.npmjs.org/resolve-pkg-maps/-/resolve-pkg-maps-1.0.0.tgz. Extracting by manifest.
876 silly tarball no local data for safe-array-concat@https://registry.npmjs.org/safe-array-concat/-/safe-array-concat-1.1.4.tgz. Extracting by manifest.
877 silly tarball no local data for resolve-from@https://registry.npmjs.org/resolve-from/-/resolve-from-4.0.0.tgz. Extracting by manifest.
878 silly tarball no local data for reusify@https://registry.npmjs.org/reusify/-/reusify-1.1.0.tgz. Extracting by manifest.
879 silly tarball no local data for resolve@https://registry.npmjs.org/resolve/-/resolve-2.0.0-next.6.tgz. Extracting by manifest.
880 silly tarball no local data for reflect.getprototypeof@https://registry.npmjs.org/reflect.getprototypeof/-/reflect.getprototypeof-1.0.10.tgz. Extracting by manifest.
881 silly tarball no local data for regexp.prototype.flags@https://registry.npmjs.org/regexp.prototype.flags/-/regexp.prototype.flags-1.5.4.tgz. Extracting by manifest.
882 silly tarball no local data for react-is@https://registry.npmjs.org/react-is/-/react-is-16.13.1.tgz. Extracting by manifest.
883 silly tarball no local data for safe-regex-test@https://registry.npmjs.org/safe-regex-test/-/safe-regex-test-1.1.0.tgz. Extracting by manifest.
884 silly tarball no local data for react-dom@https://registry.npmjs.org/react-dom/-/react-dom-19.2.4.tgz. Extracting by manifest.
885 silly tarball no local data for punycode@https://registry.npmjs.org/punycode/-/punycode-2.3.1.tgz. Extracting by manifest.
886 silly tarball no local data for queue-microtask@https://registry.npmjs.org/queue-microtask/-/queue-microtask-1.2.3.tgz. Extracting by manifest.
887 silly tarball no local data for prop-types@https://registry.npmjs.org/prop-types/-/prop-types-15.8.1.tgz. Extracting by manifest.
888 silly tarball no local data for react@https://registry.npmjs.org/react/-/react-19.2.4.tgz. Extracting by manifest.
889 silly tarball no local data for prettier@https://registry.npmjs.org/prettier/-/prettier-3.8.3.tgz. Extracting by manifest.
890 silly tarball no local data for prelude-ls@https://registry.npmjs.org/prelude-ls/-/prelude-ls-1.2.1.tgz. Extracting by manifest.
891 silly tarball no local data for possible-typed-array-names@https://registry.npmjs.org/possible-typed-array-names/-/possible-typed-array-names-1.1.0.tgz. Extracting by manifest.
892 silly tarball no local data for postcss@https://registry.npmjs.org/postcss/-/postcss-8.5.14.tgz. Extracting by manifest.
893 silly tarball no local data for picomatch@https://registry.npmjs.org/picomatch/-/picomatch-2.3.2.tgz. Extracting by manifest.
894 silly tarball no local data for picocolors@https://registry.npmjs.org/picocolors/-/picocolors-1.1.1.tgz. Extracting by manifest.
895 silly tarball no local data for path-key@https://registry.npmjs.org/path-key/-/path-key-3.1.1.tgz. Extracting by manifest.
896 silly tarball no local data for path-parse@https://registry.npmjs.org/path-parse/-/path-parse-1.0.7.tgz. Extracting by manifest.
897 silly tarball no local data for path-exists@https://registry.npmjs.org/path-exists/-/path-exists-4.0.0.tgz. Extracting by manifest.
898 silly tarball no local data for p-limit@https://registry.npmjs.org/p-limit/-/p-limit-3.1.0.tgz. Extracting by manifest.
899 silly tarball no local data for own-keys@https://registry.npmjs.org/own-keys/-/own-keys-1.0.1.tgz. Extracting by manifest.
900 silly tarball no local data for object.values@https://registry.npmjs.org/object.values/-/object.values-1.2.1.tgz. Extracting by manifest.
901 silly tarball no local data for object.assign@https://registry.npmjs.org/object.assign/-/object.assign-4.1.7.tgz. Extracting by manifest.
902 silly tarball no local data for object.groupby@https://registry.npmjs.org/object.groupby/-/object.groupby-1.0.3.tgz. Extracting by manifest.
903 silly tarball no local data for optionator@https://registry.npmjs.org/optionator/-/optionator-0.9.4.tgz. Extracting by manifest.
904 silly tarball no local data for object.entries@https://registry.npmjs.org/object.entries/-/object.entries-1.1.9.tgz. Extracting by manifest.
905 silly tarball no local data for p-locate@https://registry.npmjs.org/p-locate/-/p-locate-5.0.0.tgz. Extracting by manifest.
906 silly tarball no local data for object-inspect@https://registry.npmjs.org/object-inspect/-/object-inspect-1.13.4.tgz. Extracting by manifest.
907 silly tarball no local data for object.fromentries@https://registry.npmjs.org/object.fromentries/-/object.fromentries-2.0.8.tgz. Extracting by manifest.
908 silly tarball no local data for object-assign@https://registry.npmjs.org/object-assign/-/object-assign-4.1.1.tgz. Extracting by manifest.
909 silly tarball no local data for node-releases@https://registry.npmjs.org/node-releases/-/node-releases-2.0.44.tgz. Extracting by manifest.
910 silly tarball no local data for node-exports-info@https://registry.npmjs.org/node-exports-info/-/node-exports-info-1.6.0.tgz. Extracting by manifest.
911 silly tarball no local data for magic-string@https://registry.npmjs.org/magic-string/-/magic-string-0.30.21.tgz. Extracting by manifest.
912 silly tarball no local data for next@https://registry.npmjs.org/next/-/next-16.2.6.tgz. Extracting by manifest.
913 silly tarball no local data for nanoid@https://registry.npmjs.org/nanoid/-/nanoid-5.1.11.tgz. Extracting by manifest.
914 silly tarball no local data for napi-postinstall@https://registry.npmjs.org/napi-postinstall/-/napi-postinstall-0.3.4.tgz. Extracting by manifest.
915 silly tarball no local data for object-keys@https://registry.npmjs.org/object-keys/-/object-keys-1.1.1.tgz. Extracting by manifest.
916 silly tarball no local data for natural-compare@https://registry.npmjs.org/natural-compare/-/natural-compare-1.4.0.tgz. Extracting by manifest.
917 silly tarball no local data for micromatch@https://registry.npmjs.org/micromatch/-/micromatch-4.0.8.tgz. Extracting by manifest.
918 silly tarball no local data for minimist@https://registry.npmjs.org/minimist/-/minimist-1.2.8.tgz. Extracting by manifest.
919 silly tarball no local data for set-function-name@https://registry.npmjs.org/set-function-name/-/set-function-name-2.0.2.tgz. Extracting by manifest.
920 silly tarball no local data for minimatch@https://registry.npmjs.org/minimatch/-/minimatch-3.1.5.tgz. Extracting by manifest.
921 silly tarball no local data for lru-cache@https://registry.npmjs.org/lru-cache/-/lru-cache-5.1.1.tgz. Extracting by manifest.
922 silly tarball no local data for math-intrinsics@https://registry.npmjs.org/math-intrinsics/-/math-intrinsics-1.1.0.tgz. Extracting by manifest.
923 silly tarball no local data for loose-envify@https://registry.npmjs.org/loose-envify/-/loose-envify-1.4.0.tgz. Extracting by manifest.
924 silly tarball no local data for ms@https://registry.npmjs.org/ms/-/ms-2.1.3.tgz. Extracting by manifest.
925 silly tarball no local data for lodash.merge@https://registry.npmjs.org/lodash.merge/-/lodash.merge-4.6.2.tgz. Extracting by manifest.
926 silly tarball no local data for merge2@https://registry.npmjs.org/merge2/-/merge2-1.4.1.tgz. Extracting by manifest.
927 silly tarball no local data for lightningcss@https://registry.npmjs.org/lightningcss/-/lightningcss-1.32.0.tgz. Extracting by manifest.
928 silly tarball no local data for locate-path@https://registry.npmjs.org/locate-path/-/locate-path-6.0.0.tgz. Extracting by manifest.
929 silly tarball no local data for language-tags@https://registry.npmjs.org/language-tags/-/language-tags-1.0.9.tgz. Extracting by manifest.
930 silly tarball no local data for lightningcss-win32-x64-msvc@https://registry.npmjs.org/lightningcss-win32-x64-msvc/-/lightningcss-win32-x64-msvc-1.32.0.tgz. Extracting by manifest.
931 silly tarball no local data for language-subtag-registry@https://registry.npmjs.org/language-subtag-registry/-/language-subtag-registry-0.3.23.tgz. Extracting by manifest.
932 silly tarball no local data for levn@https://registry.npmjs.org/levn/-/levn-0.4.1.tgz. Extracting by manifest.
933 silly tarball no local data for json-stable-stringify-without-jsonify@https://registry.npmjs.org/json-stable-stringify-without-jsonify/-/json-stable-stringify-without-jsonify-1.0.1.tgz. Extracting by manifest.
934 silly tarball no local data for jsx-ast-utils@https://registry.npmjs.org/jsx-ast-utils/-/jsx-ast-utils-3.3.5.tgz. Extracting by manifest.
935 silly tarball no local data for keyv@https://registry.npmjs.org/keyv/-/keyv-4.5.4.tgz. Extracting by manifest.
936 silly tarball no local data for json5@https://registry.npmjs.org/json5/-/json5-2.2.3.tgz. Extracting by manifest.
937 silly tarball no local data for json-schema-traverse@https://registry.npmjs.org/json-schema-traverse/-/json-schema-traverse-0.4.1.tgz. Extracting by manifest.
938 silly tarball no local data for json-buffer@https://registry.npmjs.org/json-buffer/-/json-buffer-3.0.1.tgz. Extracting by manifest.
939 silly tarball no local data for jsesc@https://registry.npmjs.org/jsesc/-/jsesc-3.1.0.tgz. Extracting by manifest.
940 silly tarball no local data for jiti@https://registry.npmjs.org/jiti/-/jiti-2.7.0.tgz. Extracting by manifest.
941 silly tarball no local data for js-tokens@https://registry.npmjs.org/js-tokens/-/js-tokens-4.0.0.tgz. Extracting by manifest.
942 silly tarball no local data for js-yaml@https://registry.npmjs.org/js-yaml/-/js-yaml-4.1.1.tgz. Extracting by manifest.
943 silly tarball no local data for isarray@https://registry.npmjs.org/isarray/-/isarray-2.0.5.tgz. Extracting by manifest.
944 silly tarball no local data for iterator.prototype@https://registry.npmjs.org/iterator.prototype/-/iterator.prototype-1.1.5.tgz. Extracting by manifest.
945 silly tarball no local data for is-typed-array@https://registry.npmjs.org/is-typed-array/-/is-typed-array-1.1.15.tgz. Extracting by manifest.
946 silly tarball no local data for isexe@https://registry.npmjs.org/isexe/-/isexe-2.0.0.tgz. Extracting by manifest.
947 silly tarball no local data for is-weakref@https://registry.npmjs.org/is-weakref/-/is-weakref-1.1.1.tgz. Extracting by manifest.
948 silly tarball no local data for is-weakmap@https://registry.npmjs.org/is-weakmap/-/is-weakmap-2.0.2.tgz. Extracting by manifest.
949 silly tarball no local data for is-weakset@https://registry.npmjs.org/is-weakset/-/is-weakset-2.0.4.tgz. Extracting by manifest.
950 silly tarball no local data for is-string@https://registry.npmjs.org/is-string/-/is-string-1.1.1.tgz. Extracting by manifest.
951 silly tarball no local data for is-shared-array-buffer@https://registry.npmjs.org/is-shared-array-buffer/-/is-shared-array-buffer-1.0.4.tgz. Extracting by manifest.
952 silly tarball no local data for is-set@https://registry.npmjs.org/is-set/-/is-set-2.0.3.tgz. Extracting by manifest.
953 silly tarball no local data for is-regex@https://registry.npmjs.org/is-regex/-/is-regex-1.2.1.tgz. Extracting by manifest.
954 silly tarball no local data for is-core-module@https://registry.npmjs.org/is-core-module/-/is-core-module-2.16.2.tgz. Extracting by manifest.
955 silly tarball no local data for is-number@https://registry.npmjs.org/is-number/-/is-number-7.0.0.tgz. Extracting by manifest.
956 silly tarball no local data for is-glob@https://registry.npmjs.org/is-glob/-/is-glob-4.0.3.tgz. Extracting by manifest.
957 silly tarball no local data for is-negative-zero@https://registry.npmjs.org/is-negative-zero/-/is-negative-zero-2.0.3.tgz. Extracting by manifest.
958 silly tarball no local data for is-extglob@https://registry.npmjs.org/is-extglob/-/is-extglob-2.1.1.tgz. Extracting by manifest.
959 silly tarball no local data for is-generator-function@https://registry.npmjs.org/is-generator-function/-/is-generator-function-1.1.2.tgz. Extracting by manifest.
960 silly tarball no local data for is-map@https://registry.npmjs.org/is-map/-/is-map-2.0.3.tgz. Extracting by manifest.
961 silly tarball no local data for is-data-view@https://registry.npmjs.org/is-data-view/-/is-data-view-1.0.2.tgz. Extracting by manifest.
962 silly tarball no local data for is-async-function@https://registry.npmjs.org/is-async-function/-/is-async-function-2.1.1.tgz. Extracting by manifest.
963 silly tarball no local data for is-finalizationregistry@https://registry.npmjs.org/is-finalizationregistry/-/is-finalizationregistry-1.1.1.tgz. Extracting by manifest.
964 silly tarball no local data for is-symbol@https://registry.npmjs.org/is-symbol/-/is-symbol-1.1.1.tgz. Extracting by manifest.
965 silly tarball no local data for is-callable@https://registry.npmjs.org/is-callable/-/is-callable-1.2.7.tgz. Extracting by manifest.
966 silly tarball no local data for is-number-object@https://registry.npmjs.org/is-number-object/-/is-number-object-1.1.1.tgz. Extracting by manifest.
967 silly tarball no local data for is-boolean-object@https://registry.npmjs.org/is-boolean-object/-/is-boolean-object-1.2.2.tgz. Extracting by manifest.
968 silly tarball no local data for is-array-buffer@https://registry.npmjs.org/is-array-buffer/-/is-array-buffer-3.0.5.tgz. Extracting by manifest.
969 silly tarball no local data for internal-slot@https://registry.npmjs.org/internal-slot/-/internal-slot-1.1.0.tgz. Extracting by manifest.
970 silly tarball no local data for is-bun-module@https://registry.npmjs.org/is-bun-module/-/is-bun-module-2.0.0.tgz. Extracting by manifest.
971 silly tarball no local data for is-bigint@https://registry.npmjs.org/is-bigint/-/is-bigint-1.1.0.tgz. Extracting by manifest.
972 silly tarball no local data for import-fresh@https://registry.npmjs.org/import-fresh/-/import-fresh-3.3.1.tgz. Extracting by manifest.
973 silly tarball no local data for ignore@https://registry.npmjs.org/ignore/-/ignore-5.3.2.tgz. Extracting by manifest.
974 silly tarball no local data for iceberg-js@https://registry.npmjs.org/iceberg-js/-/iceberg-js-0.8.1.tgz. Extracting by manifest.
975 silly tarball no local data for hermes-estree@https://registry.npmjs.org/hermes-estree/-/hermes-estree-0.25.1.tgz. Extracting by manifest.
976 silly tarball no local data for imurmurhash@https://registry.npmjs.org/imurmurhash/-/imurmurhash-0.1.4.tgz. Extracting by manifest.
977 silly tarball no local data for hermes-parser@https://registry.npmjs.org/hermes-parser/-/hermes-parser-0.25.1.tgz. Extracting by manifest.
978 silly tarball no local data for has-tostringtag@https://registry.npmjs.org/has-tostringtag/-/has-tostringtag-1.0.2.tgz. Extracting by manifest.
979 silly tarball no local data for has-property-descriptors@https://registry.npmjs.org/has-property-descriptors/-/has-property-descriptors-1.0.2.tgz. Extracting by manifest.
980 silly tarball no local data for has-proto@https://registry.npmjs.org/has-proto/-/has-proto-1.2.0.tgz. Extracting by manifest.
981 silly tarball no local data for has-symbols@https://registry.npmjs.org/has-symbols/-/has-symbols-1.1.0.tgz. Extracting by manifest.
982 silly tarball no local data for has-flag@https://registry.npmjs.org/has-flag/-/has-flag-4.0.0.tgz. Extracting by manifest.
983 silly tarball no local data for gopd@https://registry.npmjs.org/gopd/-/gopd-1.2.0.tgz. Extracting by manifest.
984 silly tarball no local data for graceful-fs@https://registry.npmjs.org/graceful-fs/-/graceful-fs-4.2.11.tgz. Extracting by manifest.
985 silly tarball no local data for globals@https://registry.npmjs.org/globals/-/globals-14.0.0.tgz. Extracting by manifest.
986 silly tarball no local data for is-date-object@https://registry.npmjs.org/is-date-object/-/is-date-object-1.1.0.tgz. Extracting by manifest.
987 silly tarball no local data for parent-module@https://registry.npmjs.org/parent-module/-/parent-module-1.0.1.tgz. Extracting by manifest.
988 silly tarball no local data for glob-parent@https://registry.npmjs.org/glob-parent/-/glob-parent-6.0.2.tgz. Extracting by manifest.
989 silly tarball no local data for get-tsconfig@https://registry.npmjs.org/get-tsconfig/-/get-tsconfig-4.14.0.tgz. Extracting by manifest.
990 silly tarball no local data for hasown@https://registry.npmjs.org/hasown/-/hasown-2.0.3.tgz. Extracting by manifest.
991 silly tarball no local data for function-bind@https://registry.npmjs.org/function-bind/-/function-bind-1.1.2.tgz. Extracting by manifest.
992 silly tarball no local data for get-symbol-description@https://registry.npmjs.org/get-symbol-description/-/get-symbol-description-1.1.0.tgz. Extracting by manifest.
993 silly tarball no local data for has-bigints@https://registry.npmjs.org/has-bigints/-/has-bigints-1.1.0.tgz. Extracting by manifest.
994 silly tarball no local data for get-intrinsic@https://registry.npmjs.org/get-intrinsic/-/get-intrinsic-1.3.0.tgz. Extracting by manifest.
995 silly tarball no local data for functions-have-names@https://registry.npmjs.org/functions-have-names/-/functions-have-names-1.2.3.tgz. Extracting by manifest.
996 silly tarball no local data for for-each@https://registry.npmjs.org/for-each/-/for-each-0.3.5.tgz. Extracting by manifest.
997 silly tarball no local data for get-proto@https://registry.npmjs.org/get-proto/-/get-proto-1.0.1.tgz. Extracting by manifest.
998 silly tarball no local data for generator-function@https://registry.npmjs.org/generator-function/-/generator-function-2.0.1.tgz. Extracting by manifest.
999 silly tarball no local data for function.prototype.name@https://registry.npmjs.org/function.prototype.name/-/function.prototype.name-1.1.8.tgz. Extracting by manifest.
1000 silly tarball no local data for flatted@https://registry.npmjs.org/flatted/-/flatted-3.4.2.tgz. Extracting by manifest.
1001 silly tarball no local data for fill-range@https://registry.npmjs.org/fill-range/-/fill-range-7.1.1.tgz. Extracting by manifest.
1002 silly tarball no local data for flat-cache@https://registry.npmjs.org/flat-cache/-/flat-cache-4.0.1.tgz. Extracting by manifest.
1003 silly tarball no local data for fast-levenshtein@https://registry.npmjs.org/fast-levenshtein/-/fast-levenshtein-2.0.6.tgz. Extracting by manifest.
1004 silly tarball no local data for gensync@https://registry.npmjs.org/gensync/-/gensync-1.0.0-beta.2.tgz. Extracting by manifest.
1005 silly tarball no local data for find-up@https://registry.npmjs.org/find-up/-/find-up-5.0.0.tgz. Extracting by manifest.
1006 silly tarball no local data for fast-glob@https://registry.npmjs.org/fast-glob/-/fast-glob-3.3.1.tgz. Extracting by manifest.
1007 silly tarball no local data for fast-json-stable-stringify@https://registry.npmjs.org/fast-json-stable-stringify/-/fast-json-stable-stringify-2.1.0.tgz. Extracting by manifest.
1008 silly tarball no local data for file-entry-cache@https://registry.npmjs.org/file-entry-cache/-/file-entry-cache-8.0.0.tgz. Extracting by manifest.
1009 silly tarball no local data for esutils@https://registry.npmjs.org/esutils/-/esutils-2.0.3.tgz. Extracting by manifest.
1010 silly tarball no local data for fastq@https://registry.npmjs.org/fastq/-/fastq-1.20.1.tgz. Extracting by manifest.
1011 silly tarball no local data for fast-deep-equal@https://registry.npmjs.org/fast-deep-equal/-/fast-deep-equal-3.1.3.tgz. Extracting by manifest.
1012 silly tarball no local data for globalthis@https://registry.npmjs.org/globalthis/-/globalthis-1.0.4.tgz. Extracting by manifest.
1013 silly tarball no local data for esquery@https://registry.npmjs.org/esquery/-/esquery-1.7.0.tgz. Extracting by manifest.
1014 silly tarball no local data for esrecurse@https://registry.npmjs.org/esrecurse/-/esrecurse-4.3.0.tgz. Extracting by manifest.
1015 silly tarball no local data for espree@https://registry.npmjs.org/espree/-/espree-10.4.0.tgz. Extracting by manifest.
1016 silly tarball no local data for eslint-scope@https://registry.npmjs.org/eslint-scope/-/eslint-scope-8.4.0.tgz. Extracting by manifest.
1017 silly tarball no local data for eslint-plugin-react-hooks@https://registry.npmjs.org/eslint-plugin-react-hooks/-/eslint-plugin-react-hooks-7.1.1.tgz. Extracting by manifest.
1018 silly tarball no local data for eslint-plugin-import@https://registry.npmjs.org/eslint-plugin-import/-/eslint-plugin-import-2.32.0.tgz. Extracting by manifest.
1019 silly tarball no local data for eslint-plugin-react@https://registry.npmjs.org/eslint-plugin-react/-/eslint-plugin-react-7.37.5.tgz. Extracting by manifest.
1020 silly tarball no local data for eslint-plugin-jsx-a11y@https://registry.npmjs.org/eslint-plugin-jsx-a11y/-/eslint-plugin-jsx-a11y-6.10.2.tgz. Extracting by manifest.
1021 silly tarball no local data for eslint-module-utils@https://registry.npmjs.org/eslint-module-utils/-/eslint-module-utils-2.12.1.tgz. Extracting by manifest.
1022 silly tarball no local data for eslint-import-resolver-typescript@https://registry.npmjs.org/eslint-import-resolver-typescript/-/eslint-import-resolver-typescript-3.10.1.tgz. Extracting by manifest.
1023 silly tarball no local data for eslint-config-next@https://registry.npmjs.org/eslint-config-next/-/eslint-config-next-16.2.6.tgz. Extracting by manifest.
1024 silly tarball no local data for eslint-import-resolver-node@https://registry.npmjs.org/eslint-import-resolver-node/-/eslint-import-resolver-node-0.3.10.tgz. Extracting by manifest.
1025 silly tarball no local data for escape-string-regexp@https://registry.npmjs.org/escape-string-regexp/-/escape-string-regexp-4.0.0.tgz. Extracting by manifest.
1026 silly tarball no local data for es-shim-unscopables@https://registry.npmjs.org/es-shim-unscopables/-/es-shim-unscopables-1.1.0.tgz. Extracting by manifest.
1027 silly tarball no local data for escalade@https://registry.npmjs.org/escalade/-/escalade-3.2.0.tgz. Extracting by manifest.
1028 silly tarball no local data for eslint@https://registry.npmjs.org/eslint/-/eslint-9.39.4.tgz. Extracting by manifest.
1029 silly tarball no local data for es-to-primitive@https://registry.npmjs.org/es-to-primitive/-/es-to-primitive-1.3.0.tgz. Extracting by manifest.
1030 silly tarball no local data for es-set-tostringtag@https://registry.npmjs.org/es-set-tostringtag/-/es-set-tostringtag-2.1.0.tgz. Extracting by manifest.
1031 silly tarball no local data for es-define-property@https://registry.npmjs.org/es-define-property/-/es-define-property-1.0.1.tgz. Extracting by manifest.
1032 silly tarball no local data for es-object-atoms@https://registry.npmjs.org/es-object-atoms/-/es-object-atoms-1.1.1.tgz. Extracting by manifest.
1033 silly tarball no local data for es-errors@https://registry.npmjs.org/es-errors/-/es-errors-1.3.0.tgz. Extracting by manifest.
1034 silly tarball no local data for es-iterator-helpers@https://registry.npmjs.org/es-iterator-helpers/-/es-iterator-helpers-1.3.2.tgz. Extracting by manifest.
1035 silly tarball no local data for es-abstract@https://registry.npmjs.org/es-abstract/-/es-abstract-1.24.2.tgz. Extracting by manifest.
1036 silly tarball no local data for emoji-regex@https://registry.npmjs.org/emoji-regex/-/emoji-regex-9.2.2.tgz. Extracting by manifest.
1037 silly tarball no local data for enhanced-resolve@https://registry.npmjs.org/enhanced-resolve/-/enhanced-resolve-5.21.3.tgz. Extracting by manifest.
1038 silly tarball no local data for electron-to-chromium@https://registry.npmjs.org/electron-to-chromium/-/electron-to-chromium-1.5.355.tgz. Extracting by manifest.
1039 silly tarball no local data for doctrine@https://registry.npmjs.org/doctrine/-/doctrine-2.1.0.tgz. Extracting by manifest.
1040 silly tarball no local data for dunder-proto@https://registry.npmjs.org/dunder-proto/-/dunder-proto-1.0.1.tgz. Extracting by manifest.
1041 silly tarball no local data for define-properties@https://registry.npmjs.org/define-properties/-/define-properties-1.2.1.tgz. Extracting by manifest.
1042 silly tarball no local data for deep-is@https://registry.npmjs.org/deep-is/-/deep-is-0.1.4.tgz. Extracting by manifest.
1043 silly tarball no local data for define-data-property@https://registry.npmjs.org/define-data-property/-/define-data-property-1.1.4.tgz. Extracting by manifest.
1044 silly tarball no local data for detect-libc@https://registry.npmjs.org/detect-libc/-/detect-libc-2.1.2.tgz. Extracting by manifest.
1045 silly tarball no local data for debug@https://registry.npmjs.org/debug/-/debug-4.4.3.tgz. Extracting by manifest.
1046 silly tarball no local data for data-view-byte-offset@https://registry.npmjs.org/data-view-byte-offset/-/data-view-byte-offset-1.0.1.tgz. Extracting by manifest.
1047 silly tarball no local data for data-view-byte-length@https://registry.npmjs.org/data-view-byte-length/-/data-view-byte-length-1.0.2.tgz. Extracting by manifest.
1048 silly tarball no local data for data-view-buffer@https://registry.npmjs.org/data-view-buffer/-/data-view-buffer-1.0.2.tgz. Extracting by manifest.
1049 silly tarball no local data for damerau-levenshtein@https://registry.npmjs.org/damerau-levenshtein/-/damerau-levenshtein-1.0.8.tgz. Extracting by manifest.
1050 silly tarball no local data for csstype@https://registry.npmjs.org/csstype/-/csstype-3.2.3.tgz. Extracting by manifest.
1051 silly tarball no local data for convert-source-map@https://registry.npmjs.org/convert-source-map/-/convert-source-map-2.0.0.tgz. Extracting by manifest.
1052 silly tarball no local data for concat-map@https://registry.npmjs.org/concat-map/-/concat-map-0.0.1.tgz. Extracting by manifest.
1053 silly tarball no local data for cross-spawn@https://registry.npmjs.org/cross-spawn/-/cross-spawn-7.0.6.tgz. Extracting by manifest.
1054 silly tarball no local data for color-convert@https://registry.npmjs.org/color-convert/-/color-convert-2.0.1.tgz. Extracting by manifest.
1055 silly tarball no local data for caniuse-lite@https://registry.npmjs.org/caniuse-lite/-/caniuse-lite-1.0.30001792.tgz. Extracting by manifest.
1056 silly tarball no local data for chalk@https://registry.npmjs.org/chalk/-/chalk-4.1.2.tgz. Extracting by manifest.
1057 silly tarball no local data for call-bind-apply-helpers@https://registry.npmjs.org/call-bind-apply-helpers/-/call-bind-apply-helpers-1.0.2.tgz. Extracting by manifest.
1058 silly tarball no local data for call-bound@https://registry.npmjs.org/call-bound/-/call-bound-1.0.4.tgz. Extracting by manifest.
1059 silly tarball no local data for browserslist@https://registry.npmjs.org/browserslist/-/browserslist-4.28.2.tgz. Extracting by manifest.
1060 silly tarball no local data for callsites@https://registry.npmjs.org/callsites/-/callsites-3.1.0.tgz. Extracting by manifest.
1061 silly tarball no local data for call-bind@https://registry.npmjs.org/call-bind/-/call-bind-1.0.9.tgz. Extracting by manifest.
1062 silly tarball no local data for client-only@https://registry.npmjs.org/client-only/-/client-only-0.0.1.tgz. Extracting by manifest.
1063 silly tarball no local data for brace-expansion@https://registry.npmjs.org/brace-expansion/-/brace-expansion-1.1.14.tgz. Extracting by manifest.
1064 silly tarball no local data for baseline-browser-mapping@https://registry.npmjs.org/baseline-browser-mapping/-/baseline-browser-mapping-2.10.29.tgz. Extracting by manifest.
1065 silly tarball no local data for braces@https://registry.npmjs.org/braces/-/braces-3.0.3.tgz. Extracting by manifest.
1066 silly tarball no local data for axobject-query@https://registry.npmjs.org/axobject-query/-/axobject-query-4.1.0.tgz. Extracting by manifest.
1067 silly tarball no local data for balanced-match@https://registry.npmjs.org/balanced-match/-/balanced-match-1.0.2.tgz. Extracting by manifest.
1068 silly tarball no local data for available-typed-arrays@https://registry.npmjs.org/available-typed-arrays/-/available-typed-arrays-1.0.7.tgz. Extracting by manifest.
1069 silly tarball no local data for array.prototype.flatmap@https://registry.npmjs.org/array.prototype.flatmap/-/array.prototype.flatmap-1.3.3.tgz. Extracting by manifest.
1070 silly tarball no local data for ast-types-flow@https://registry.npmjs.org/ast-types-flow/-/ast-types-flow-0.0.8.tgz. Extracting by manifest.
1071 silly tarball no local data for axe-core@https://registry.npmjs.org/axe-core/-/axe-core-4.11.4.tgz. Extracting by manifest.
1072 silly tarball no local data for estraverse@https://registry.npmjs.org/estraverse/-/estraverse-5.3.0.tgz. Extracting by manifest.
1073 silly tarball no local data for arraybuffer.prototype.slice@https://registry.npmjs.org/arraybuffer.prototype.slice/-/arraybuffer.prototype.slice-1.0.4.tgz. Extracting by manifest.
1074 silly tarball no local data for eslint-visitor-keys@https://registry.npmjs.org/eslint-visitor-keys/-/eslint-visitor-keys-4.2.1.tgz. Extracting by manifest.
1075 silly tarball no local data for array.prototype.tosorted@https://registry.npmjs.org/array.prototype.tosorted/-/array.prototype.tosorted-1.1.4.tgz. Extracting by manifest.
1076 silly tarball no local data for array.prototype.flat@https://registry.npmjs.org/array.prototype.flat/-/array.prototype.flat-1.3.3.tgz. Extracting by manifest.
1077 silly tarball no local data for async-function@https://registry.npmjs.org/async-function/-/async-function-1.0.0.tgz. Extracting by manifest.
1078 silly tarball no local data for array.prototype.findlastindex@https://registry.npmjs.org/array.prototype.findlastindex/-/array.prototype.findlastindex-1.2.6.tgz. Extracting by manifest.
1079 silly tarball no local data for array-includes@https://registry.npmjs.org/array-includes/-/array-includes-3.1.9.tgz. Extracting by manifest.
1080 silly tarball no local data for array-buffer-byte-length@https://registry.npmjs.org/array-buffer-byte-length/-/array-buffer-byte-length-1.0.2.tgz. Extracting by manifest.
1081 silly tarball no local data for array.prototype.findlast@https://registry.npmjs.org/array.prototype.findlast/-/array.prototype.findlast-1.2.5.tgz. Extracting by manifest.
1082 silly tarball no local data for aria-query@https://registry.npmjs.org/aria-query/-/aria-query-5.3.2.tgz. Extracting by manifest.
1083 silly tarball no local data for ansi-styles@https://registry.npmjs.org/ansi-styles/-/ansi-styles-4.3.0.tgz. Extracting by manifest.
1084 silly tarball no local data for argparse@https://registry.npmjs.org/argparse/-/argparse-2.0.1.tgz. Extracting by manifest.
1085 silly tarball no local data for acorn-jsx@https://registry.npmjs.org/acorn-jsx/-/acorn-jsx-5.3.2.tgz. Extracting by manifest.
1086 silly tarball no local data for ajv@https://registry.npmjs.org/ajv/-/ajv-6.15.0.tgz. Extracting by manifest.
1087 silly tarball no local data for eslint-visitor-keys@https://registry.npmjs.org/eslint-visitor-keys/-/eslint-visitor-keys-5.0.1.tgz. Extracting by manifest.
1088 silly tarball no local data for ignore@https://registry.npmjs.org/ignore/-/ignore-7.0.5.tgz. Extracting by manifest.
1089 silly tarball no local data for acorn@https://registry.npmjs.org/acorn/-/acorn-8.16.0.tgz. Extracting by manifest.
1090 silly tarball no local data for semver@https://registry.npmjs.org/semver/-/semver-7.8.0.tgz. Extracting by manifest.
1091 silly tarball no local data for balanced-match@https://registry.npmjs.org/balanced-match/-/balanced-match-4.0.4.tgz. Extracting by manifest.
1092 silly tarball no local data for eslint-visitor-keys@https://registry.npmjs.org/eslint-visitor-keys/-/eslint-visitor-keys-3.4.3.tgz. Extracting by manifest.
1093 silly tarball no local data for fdir@https://registry.npmjs.org/fdir/-/fdir-6.5.0.tgz. Extracting by manifest.
1094 silly tarball no local data for picomatch@https://registry.npmjs.org/picomatch/-/picomatch-4.0.4.tgz. Extracting by manifest.
1095 silly tarball no local data for brace-expansion@https://registry.npmjs.org/brace-expansion/-/brace-expansion-5.0.6.tgz. Extracting by manifest.
1096 silly tarball no local data for nanoid@https://registry.npmjs.org/nanoid/-/nanoid-3.3.12.tgz. Extracting by manifest.
1097 silly tarball no local data for json5@https://registry.npmjs.org/json5/-/json5-1.0.2.tgz. Extracting by manifest.
1098 silly tarball no local data for semver@https://registry.npmjs.org/semver/-/semver-7.8.0.tgz. Extracting by manifest.
1099 silly tarball no local data for glob-parent@https://registry.npmjs.org/glob-parent/-/glob-parent-5.1.2.tgz. Extracting by manifest.
1100 silly tarball no local data for debug@https://registry.npmjs.org/debug/-/debug-3.2.7.tgz. Extracting by manifest.
1101 silly tarball no local data for debug@https://registry.npmjs.org/debug/-/debug-3.2.7.tgz. Extracting by manifest.
1102 silly tarball no local data for semver@https://registry.npmjs.org/semver/-/semver-7.8.0.tgz. Extracting by manifest.
1103 silly tarball no local data for debug@https://registry.npmjs.org/debug/-/debug-3.2.7.tgz. Extracting by manifest.
1104 silly tarball no local data for color-name@https://registry.npmjs.org/color-name/-/color-name-1.1.4.tgz. Extracting by manifest.
1105 silly tarball no local data for minimatch@https://registry.npmjs.org/minimatch/-/minimatch-10.2.5.tgz. Extracting by manifest.
1106 silly tarball no local data for globals@https://registry.npmjs.org/globals/-/globals-16.4.0.tgz. Extracting by manifest.
1107 silly tarball no local data for postcss@https://registry.npmjs.org/postcss/-/postcss-8.4.31.tgz. Extracting by manifest.
1108 silly tarball no local data for nanoid@https://registry.npmjs.org/nanoid/-/nanoid-3.3.12.tgz. Extracting by manifest.
1109 http fetch POST 200 https://registry.npmjs.org/-/npm/v1/security/advisories/bulk 427ms
1110 silly audit report {
1110 silly audit report   postcss: [
1110 silly audit report     {
1110 silly audit report       id: 1117015,
1110 silly audit report       url: 'https://github.com/advisories/GHSA-qx2v-qp2m-jg93',
1110 silly audit report       title: 'PostCSS has XSS via Unescaped </style> in its CSS Stringify Output',
1110 silly audit report       severity: 'moderate',
1110 silly audit report       vulnerable_versions: '<8.5.10',
1110 silly audit report       cwe: [Array],
1110 silly audit report       cvss: [Object]
1110 silly audit report     }
1110 silly audit report   ]
1110 silly audit report }
1111 silly packumentCache corgi:https://registry.npmjs.org/postcss cache-miss
1112 http fetch GET 200 https://registry.npmjs.org/@types/json-schema/-/json-schema-7.0.15.tgz 647ms (cache miss)
1113 http fetch GET 200 https://registry.npmjs.org/@tailwindcss/oxide/-/oxide-4.3.0.tgz 651ms (cache miss)
1114 http fetch GET 200 https://registry.npmjs.org/@types/json5/-/json5-0.0.29.tgz 681ms (cache miss)
1115 http fetch GET 200 https://registry.npmjs.org/@nolyfill/is-core-module/-/is-core-module-1.0.39.tgz 685ms (cache miss)
1116 http fetch GET 200 https://registry.npmjs.org/@next/env/-/env-16.2.6.tgz 705ms (cache miss)
1117 http fetch GET 200 https://registry.npmjs.org/@rtsao/scc/-/scc-1.1.0.tgz 742ms (cache miss)
1118 http fetch GET 200 https://registry.npmjs.org/@types/estree/-/estree-1.0.9.tgz 755ms (cache miss)
1119 http fetch GET 200 https://registry.npmjs.org/@typescript-eslint/parser/-/parser-8.59.3.tgz 776ms (cache miss)
1120 http fetch GET 200 https://registry.npmjs.org/@humanwhocodes/module-importer/-/module-importer-1.0.1.tgz 779ms (cache miss)
1121 http fetch GET 200 https://registry.npmjs.org/@humanfs/types/-/types-0.15.0.tgz 784ms (cache miss)
1122 http fetch GET 200 https://registry.npmjs.org/@humanfs/node/-/node-0.16.8.tgz 800ms (cache miss)
1123 http fetch GET 200 https://registry.npmjs.org/@eslint/config-helpers/-/config-helpers-0.4.2.tgz 831ms (cache miss)
1124 http fetch GET 200 https://registry.npmjs.org/@eslint/js/-/js-9.39.4.tgz 833ms (cache miss)
1125 http fetch GET 200 https://registry.npmjs.org/@img/colour/-/colour-1.1.0.tgz 907ms (cache miss)
1126 http fetch GET 200 https://registry.npmjs.org/@babel/helper-globals/-/helper-globals-7.28.0.tgz 962ms (cache miss)
1127 http fetch GET 200 https://registry.npmjs.org/@typescript-eslint/tsconfig-utils/-/tsconfig-utils-8.59.3.tgz 1020ms (cache miss)
1128 http fetch GET 200 https://registry.npmjs.org/@babel/helper-string-parser/-/helper-string-parser-7.27.1.tgz 1001ms (cache miss)
1129 http fetch GET 200 https://registry.npmjs.org/@alloc/quick-lru/-/quick-lru-5.2.0.tgz 1000ms (cache miss)
1130 http fetch GET 200 https://registry.npmjs.org/yocto-queue/-/yocto-queue-0.1.0.tgz 998ms (cache miss)
1131 http fetch GET 200 https://registry.npmjs.org/@tailwindcss/postcss/-/postcss-4.3.0.tgz 1082ms (cache miss)
1132 http fetch GET 200 https://registry.npmjs.org/yallist/-/yallist-3.1.1.tgz 1058ms (cache miss)
1133 http fetch GET 200 https://registry.npmjs.org/@typescript-eslint/visitor-keys/-/visitor-keys-8.59.3.tgz 1119ms (cache miss)
1134 http fetch GET 200 https://registry.npmjs.org/which/-/which-2.0.2.tgz 1151ms (cache miss)
1135 http fetch GET 200 https://registry.npmjs.org/@babel/code-frame/-/code-frame-7.29.0.tgz 1211ms (cache miss)
1136 http fetch GET 200 https://registry.npmjs.org/word-wrap/-/word-wrap-1.2.5.tgz 1210ms (cache miss)
1137 http fetch GET 200 https://registry.npmjs.org/which-collection/-/which-collection-1.0.2.tgz 1210ms (cache miss)
1138 http fetch GET 200 https://registry.npmjs.org/update-browserslist-db/-/update-browserslist-db-1.2.3.tgz 1212ms (cache miss)
1139 http fetch GET 200 https://registry.npmjs.org/@typescript-eslint/project-service/-/project-service-8.59.3.tgz 1391ms (cache miss)
1140 http fetch GET 200 https://registry.npmjs.org/unbox-primitive/-/unbox-primitive-1.1.0.tgz 1494ms (cache miss)
1141 http fetch GET 200 https://registry.npmjs.org/unrs-resolver/-/unrs-resolver-1.11.1.tgz 1962ms (cache miss)
1142 http fetch GET 200 https://registry.npmjs.org/typed-array-length/-/typed-array-length-1.0.7.tgz 1962ms (cache miss)
1143 http fetch GET 200 https://registry.npmjs.org/string.prototype.trimend/-/string.prototype.trimend-1.0.9.tgz 2272ms (cache miss)
1144 http fetch GET 200 https://registry.npmjs.org/to-regex-range/-/to-regex-range-5.0.1.tgz 2276ms (cache miss)
1145 http fetch GET 200 https://registry.npmjs.org/supports-preserve-symlinks-flag/-/supports-preserve-symlinks-flag-1.0.0.tgz 2280ms (cache miss)
1146 http fetch GET 200 https://registry.npmjs.org/supports-color/-/supports-color-7.2.0.tgz 2366ms (cache miss)
1147 http fetch GET 200 https://registry.npmjs.org/string.prototype.repeat/-/string.prototype.repeat-1.0.0.tgz 2648ms (cache miss)
1148 http fetch GET 200 https://registry.npmjs.org/strip-bom/-/strip-bom-3.0.0.tgz 2650ms (cache miss)
1149 http fetch GET 200 https://registry.npmjs.org/string.prototype.includes/-/string.prototype.includes-2.0.1.tgz 2652ms (cache miss)
1150 http fetch GET 200 https://registry.npmjs.org/side-channel-list/-/side-channel-list-1.0.1.tgz 2650ms (cache miss)
1151 http fetch GET 200 https://registry.npmjs.org/side-channel/-/side-channel-1.1.0.tgz 2661ms (cache miss)
1152 http fetch GET 200 https://registry.npmjs.org/stable-hash/-/stable-hash-0.0.5.tgz 2791ms (cache miss)
1153 http fetch GET 200 https://registry.npmjs.org/side-channel-map/-/side-channel-map-1.0.1.tgz 2876ms (cache miss)
1154 http fetch GET 200 https://registry.npmjs.org/shebang-regex/-/shebang-regex-3.0.0.tgz 2878ms (cache miss)
1155 http fetch GET 200 https://registry.npmjs.org/resolve-pkg-maps/-/resolve-pkg-maps-1.0.0.tgz 2876ms (cache miss)
1156 http fetch GET 200 https://registry.npmjs.org/@jridgewell/resolve-uri/-/resolve-uri-3.1.2.tgz 2956ms (cache miss)
1157 http fetch GET 200 https://registry.npmjs.org/shebang-command/-/shebang-command-2.0.0.tgz 2929ms (cache miss)
1158 http fetch GET 200 https://registry.npmjs.org/set-proto/-/set-proto-1.0.0.tgz 2929ms (cache miss)
1159 http fetch GET 200 https://registry.npmjs.org/reusify/-/reusify-1.1.0.tgz 2927ms (cache miss)
1160 http fetch GET 200 https://registry.npmjs.org/safe-array-concat/-/safe-array-concat-1.1.4.tgz 2928ms (cache miss)
1161 http fetch GET 200 https://registry.npmjs.org/resolve-from/-/resolve-from-4.0.0.tgz 2930ms (cache miss)
1162 http fetch GET 200 https://registry.npmjs.org/@humanwhocodes/retry/-/retry-0.4.3.tgz 3001ms (cache miss)
1163 http fetch GET 200 https://registry.npmjs.org/run-parallel/-/run-parallel-1.2.0.tgz 2973ms (cache miss)
1164 http fetch GET 200 https://registry.npmjs.org/safe-push-apply/-/safe-push-apply-1.0.0.tgz 2974ms (cache miss)
1165 http fetch GET 200 https://registry.npmjs.org/string.prototype.trimstart/-/string.prototype.trimstart-1.0.8.tgz 2975ms (cache miss)
1166 http fetch GET 200 https://registry.npmjs.org/safe-regex-test/-/safe-regex-test-1.1.0.tgz 2971ms (cache miss)
1167 http fetch GET 200 https://registry.npmjs.org/strip-json-comments/-/strip-json-comments-3.1.1.tgz 2985ms (cache miss)
1168 http fetch GET 200 https://registry.npmjs.org/path-parse/-/path-parse-1.0.7.tgz 2969ms (cache miss)
1169 http fetch GET 200 https://registry.npmjs.org/p-limit/-/p-limit-3.1.0.tgz 2968ms (cache miss)
1170 http fetch GET 200 https://registry.npmjs.org/own-keys/-/own-keys-1.0.1.tgz 2968ms (cache miss)
1171 http fetch GET 200 https://registry.npmjs.org/type-check/-/type-check-0.4.0.tgz 3034ms (cache miss)
1172 http fetch GET 200 https://registry.npmjs.org/prelude-ls/-/prelude-ls-1.2.1.tgz 3055ms (cache miss)
1173 http fetch GET 200 https://registry.npmjs.org/path-key/-/path-key-3.1.1.tgz 3055ms (cache miss)
1174 http fetch GET 200 https://registry.npmjs.org/queue-microtask/-/queue-microtask-1.2.3.tgz 3100ms (cache miss)
1175 http fetch GET 200 https://registry.npmjs.org/possible-typed-array-names/-/possible-typed-array-names-1.1.0.tgz 3131ms (cache miss)
1176 http fetch GET 200 https://registry.npmjs.org/picocolors/-/picocolors-1.1.1.tgz 3132ms (cache miss)
1177 http fetch GET 200 https://registry.npmjs.org/object.fromentries/-/object.fromentries-2.0.8.tgz 3123ms (cache miss)
1178 http fetch GET 200 https://registry.npmjs.org/path-exists/-/path-exists-4.0.0.tgz 3135ms (cache miss)
1179 http fetch GET 200 https://registry.npmjs.org/node-releases/-/node-releases-2.0.44.tgz 3128ms (cache miss)
1180 http fetch GET 200 https://registry.npmjs.org/object.groupby/-/object.groupby-1.0.3.tgz 3134ms (cache miss)
1181 http fetch GET 200 https://registry.npmjs.org/loose-envify/-/loose-envify-1.4.0.tgz 3127ms (cache miss)
1182 http fetch GET 200 https://registry.npmjs.org/merge2/-/merge2-1.4.1.tgz 3127ms (cache miss)
1183 http fetch GET 200 https://registry.npmjs.org/ms/-/ms-2.1.3.tgz 3128ms (cache miss)
1184 http fetch GET 200 https://registry.npmjs.org/punycode/-/punycode-2.3.1.tgz 3196ms (cache miss)
1185 http fetch GET 200 https://registry.npmjs.org/minimist/-/minimist-1.2.8.tgz 3182ms (cache miss)
1186 http fetch GET 200 https://registry.npmjs.org/levn/-/levn-0.4.1.tgz 3176ms (cache miss)
1187 http fetch GET 200 https://registry.npmjs.org/json-stable-stringify-without-jsonify/-/json-stable-stringify-without-jsonify-1.0.1.tgz 3176ms (cache miss)
1188 http fetch GET 200 https://registry.npmjs.org/@types/react-dom/-/react-dom-19.2.3.tgz 3291ms (cache miss)
1189 http fetch GET 200 https://registry.npmjs.org/@babel/helper-validator-option/-/helper-validator-option-7.27.1.tgz 3269ms (cache miss)
1190 http fetch GET 200 https://registry.npmjs.org/object.entries/-/object.entries-1.1.9.tgz 3241ms (cache miss)
1191 http fetch GET 200 https://registry.npmjs.org/node-exports-info/-/node-exports-info-1.6.0.tgz 3238ms (cache miss)
1192 http fetch GET 200 https://registry.npmjs.org/p-locate/-/p-locate-5.0.0.tgz 3241ms (cache miss)
1193 http fetch GET 200 https://registry.npmjs.org/object-assign/-/object-assign-4.1.1.tgz 3241ms (cache miss)
1194 http fetch GET 200 https://registry.npmjs.org/lru-cache/-/lru-cache-5.1.1.tgz 3235ms (cache miss)
1195 http fetch GET 200 https://registry.npmjs.org/keyv/-/keyv-4.5.4.tgz 3228ms (cache miss)
1196 http fetch GET 200 https://registry.npmjs.org/math-intrinsics/-/math-intrinsics-1.1.0.tgz 3237ms (cache miss)
1197 http fetch GET 200 https://registry.npmjs.org/json-buffer/-/json-buffer-3.0.1.tgz 3227ms (cache miss)
1198 http fetch GET 200 https://registry.npmjs.org/lodash.merge/-/lodash.merge-4.6.2.tgz 3237ms (cache miss)
1199 http fetch GET 200 https://registry.npmjs.org/is-weakref/-/is-weakref-1.1.1.tgz 3225ms (cache miss)
1200 http fetch GET 200 https://registry.npmjs.org/is-typed-array/-/is-typed-array-1.1.15.tgz 3226ms (cache miss)
1201 http fetch GET 200 https://registry.npmjs.org/@babel/helper-validator-identifier/-/helper-validator-identifier-7.28.5.tgz 3309ms (cache miss)
1202 http fetch GET 200 https://registry.npmjs.org/which-builtin-type/-/which-builtin-type-1.2.1.tgz 3306ms (cache miss)
1203 http fetch GET 200 https://registry.npmjs.org/@eslint/core/-/core-0.17.0.tgz 3321ms (cache miss)
1204 http fetch GET 200 https://registry.npmjs.org/nanoid/-/nanoid-5.1.11.tgz 3275ms (cache miss)
1205 http fetch GET 200 https://registry.npmjs.org/micromatch/-/micromatch-4.0.8.tgz 3274ms (cache miss)
1206 http fetch GET 200 https://registry.npmjs.org/set-function-name/-/set-function-name-2.0.2.tgz 3274ms (cache miss)
1207 http fetch GET 200 https://registry.npmjs.org/locate-path/-/locate-path-6.0.0.tgz 3272ms (cache miss)
1208 http fetch GET 200 https://registry.npmjs.org/natural-compare/-/natural-compare-1.4.0.tgz 3276ms (cache miss)
1209 http fetch GET 200 https://registry.npmjs.org/json-schema-traverse/-/json-schema-traverse-0.4.1.tgz 3266ms (cache miss)
1210 http fetch GET 200 https://registry.npmjs.org/is-glob/-/is-glob-4.0.3.tgz 3262ms (cache miss)
1211 http fetch GET 200 https://registry.npmjs.org/minimatch/-/minimatch-3.1.5.tgz 3310ms (cache miss)
1212 http fetch GET 200 https://registry.npmjs.org/isexe/-/isexe-2.0.0.tgz 3300ms (cache miss)
1213 http fetch GET 200 https://registry.npmjs.org/is-weakmap/-/is-weakmap-2.0.2.tgz 3301ms (cache miss)
1214 http fetch GET 200 https://registry.npmjs.org/is-symbol/-/is-symbol-1.1.1.tgz 3297ms (cache miss)
1215 http fetch GET 200 https://registry.npmjs.org/is-bun-module/-/is-bun-module-2.0.0.tgz 3295ms (cache miss)
1216 http fetch GET 200 https://registry.npmjs.org/tinyglobby/-/tinyglobby-0.2.16.tgz 3370ms (cache miss)
1217 http fetch GET 200 https://registry.npmjs.org/semver/-/semver-6.3.1.tgz 3361ms (cache miss)
1218 http fetch GET 200 https://registry.npmjs.org/isarray/-/isarray-2.0.5.tgz 3328ms (cache miss)
1219 http fetch GET 200 https://registry.npmjs.org/is-core-module/-/is-core-module-2.16.2.tgz 3325ms (cache miss)
1220 http fetch GET 200 https://registry.npmjs.org/is-set/-/is-set-2.0.3.tgz 3327ms (cache miss)
1221 http fetch GET 200 https://registry.npmjs.org/is-string/-/is-string-1.1.1.tgz 3327ms (cache miss)
1222 http fetch GET 200 https://registry.npmjs.org/is-number/-/is-number-7.0.0.tgz 3327ms (cache miss)
1223 http fetch GET 200 https://registry.npmjs.org/import-fresh/-/import-fresh-3.3.1.tgz 3317ms (cache miss)
1224 http fetch GET 200 https://registry.npmjs.org/has-tostringtag/-/has-tostringtag-1.0.2.tgz 3354ms (cache miss)
1225 http fetch GET 200 https://registry.npmjs.org/is-weakset/-/is-weakset-2.0.4.tgz 3387ms (cache miss)
1226 http fetch GET 200 https://registry.npmjs.org/iterator.prototype/-/iterator.prototype-1.1.5.tgz 3391ms (cache miss)
1227 http fetch GET 200 https://registry.npmjs.org/is-finalizationregistry/-/is-finalizationregistry-1.1.1.tgz 3385ms (cache miss)
1228 http fetch GET 200 https://registry.npmjs.org/is-async-function/-/is-async-function-2.1.1.tgz 3386ms (cache miss)
1229 http fetch GET 200 https://registry.npmjs.org/is-generator-function/-/is-generator-function-1.1.2.tgz 3388ms (cache miss)
1230 http fetch GET 200 https://registry.npmjs.org/is-array-buffer/-/is-array-buffer-3.0.5.tgz 3397ms (cache miss)
1231 http fetch GET 200 https://registry.npmjs.org/js-tokens/-/js-tokens-4.0.0.tgz 3435ms (cache miss)
1232 http fetch GET 200 https://registry.npmjs.org/is-shared-array-buffer/-/is-shared-array-buffer-1.0.4.tgz 3433ms (cache miss)
1233 http fetch GET 200 https://registry.npmjs.org/is-data-view/-/is-data-view-1.0.2.tgz 3431ms (cache miss)
1234 http fetch GET 200 https://registry.npmjs.org/is-extglob/-/is-extglob-2.1.1.tgz 3433ms (cache miss)
1235 http fetch GET 200 https://registry.npmjs.org/is-map/-/is-map-2.0.3.tgz 3450ms (cache miss)
1236 http fetch GET 200 https://registry.npmjs.org/imurmurhash/-/imurmurhash-0.1.4.tgz 3443ms (cache miss)
1237 http fetch GET 200 https://registry.npmjs.org/is-bigint/-/is-bigint-1.1.0.tgz 3449ms (cache miss)
1238 http fetch GET 200 https://registry.npmjs.org/fill-range/-/fill-range-7.1.1.tgz 3438ms (cache miss)
1239 http fetch GET 200 https://registry.npmjs.org/is-callable/-/is-callable-1.2.7.tgz 3493ms (cache miss)
1240 http fetch GET 200 https://registry.npmjs.org/is-number-object/-/is-number-object-1.1.1.tgz 3490ms (cache miss)
1241 http fetch GET 200 https://registry.npmjs.org/is-date-object/-/is-date-object-1.1.0.tgz 3496ms (cache miss)
1242 http fetch GET 200 https://registry.npmjs.org/has-flag/-/has-flag-4.0.0.tgz 3497ms (cache miss)
1243 http fetch GET 200 https://registry.npmjs.org/find-up/-/find-up-5.0.0.tgz 3489ms (cache miss)
1244 http fetch GET 200 https://registry.npmjs.org/@eslint-community/regexpp/-/regexpp-4.12.2.tgz 3604ms (cache miss)
1245 http fetch GET 200 https://registry.npmjs.org/ignore/-/ignore-5.3.2.tgz 3539ms (cache miss)
1246 http fetch GET 200 https://registry.npmjs.org/get-symbol-description/-/get-symbol-description-1.1.0.tgz 3534ms (cache miss)
1247 http fetch GET 200 https://registry.npmjs.org/gopd/-/gopd-1.2.0.tgz 3538ms (cache miss)
1248 http fetch GET 200 https://registry.npmjs.org/get-proto/-/get-proto-1.0.1.tgz 3534ms (cache miss)
1249 http fetch GET 200 https://registry.npmjs.org/fast-deep-equal/-/fast-deep-equal-3.1.3.tgz 3527ms (cache miss)
1250 http fetch GET 200 https://registry.npmjs.org/esrecurse/-/esrecurse-4.3.0.tgz 3527ms (cache miss)
1251 http fetch GET 200 https://registry.npmjs.org/glob-parent/-/glob-parent-6.0.2.tgz 3567ms (cache miss)
1252 http fetch GET 200 https://registry.npmjs.org/parent-module/-/parent-module-1.0.1.tgz 3568ms (cache miss)
1253 http fetch GET 200 https://registry.npmjs.org/fast-levenshtein/-/fast-levenshtein-2.0.6.tgz 3586ms (cache miss)
1254 http fetch GET 200 https://registry.npmjs.org/has-bigints/-/has-bigints-1.1.0.tgz 3593ms (cache miss)
1255 http fetch GET 200 https://registry.npmjs.org/flatted/-/flatted-3.4.2.tgz 3589ms (cache miss)
1256 http fetch GET 200 https://registry.npmjs.org/esutils/-/esutils-2.0.3.tgz 3585ms (cache miss)
1257 http fetch GET 200 https://registry.npmjs.org/typed-array-buffer/-/typed-array-buffer-1.0.3.tgz 3672ms (cache miss)
1258 http fetch GET 200 https://registry.npmjs.org/typed-array-byte-length/-/typed-array-byte-length-1.0.3.tgz 3673ms (cache miss)
1259 http fetch GET 200 https://registry.npmjs.org/which-boxed-primitive/-/which-boxed-primitive-1.1.1.tgz 3678ms (cache miss)
1260 http fetch GET 200 https://registry.npmjs.org/language-tags/-/language-tags-1.0.9.tgz 3641ms (cache miss)
1261 http fetch GET 200 https://registry.npmjs.org/jsesc/-/jsesc-3.1.0.tgz 3633ms (cache miss)
1262 http fetch GET 200 https://registry.npmjs.org/gensync/-/gensync-1.0.0-beta.2.tgz 3616ms (cache miss)
1263 http fetch GET 200 https://registry.npmjs.org/fast-json-stable-stringify/-/fast-json-stable-stringify-2.1.0.tgz 3617ms (cache miss)
1264 http fetch GET 200 https://registry.npmjs.org/es-define-property/-/es-define-property-1.0.1.tgz 3609ms (cache miss)
1265 http fetch GET 200 https://registry.npmjs.org/typed-array-byte-offset/-/typed-array-byte-offset-1.0.4.tgz 3709ms (cache miss)
1266 http fetch GET 200 https://registry.npmjs.org/fastq/-/fastq-1.20.1.tgz 3642ms (cache miss)
1267 http fetch GET 200 https://registry.npmjs.org/escape-string-regexp/-/escape-string-regexp-4.0.0.tgz 3639ms (cache miss)
1268 http fetch GET 200 https://registry.npmjs.org/es-shim-unscopables/-/es-shim-unscopables-1.1.0.tgz 3639ms (cache miss)
1269 http fetch GET 200 https://registry.npmjs.org/escalade/-/escalade-3.2.0.tgz 3640ms (cache miss)
1270 http fetch GET 200 https://registry.npmjs.org/eslint-import-resolver-node/-/eslint-import-resolver-node-0.3.10.tgz 3641ms (cache miss)
1271 http fetch GET 200 https://registry.npmjs.org/emoji-regex/-/emoji-regex-9.2.2.tgz 3638ms (cache miss)
1272 http fetch GET 200 https://registry.npmjs.org/@typescript-eslint/types/-/types-8.59.3.tgz 3773ms (cache miss)
1273 http fetch GET 200 https://registry.npmjs.org/file-entry-cache/-/file-entry-cache-8.0.0.tgz 3669ms (cache miss)
1274 http fetch GET 200 https://registry.npmjs.org/es-set-tostringtag/-/es-set-tostringtag-2.1.0.tgz 3664ms (cache miss)
1275 http fetch GET 200 https://registry.npmjs.org/es-to-primitive/-/es-to-primitive-1.3.0.tgz 3665ms (cache miss)
1276 http fetch GET 200 https://registry.npmjs.org/dunder-proto/-/dunder-proto-1.0.1.tgz 3660ms (cache miss)
1277 http fetch GET 200 https://registry.npmjs.org/define-data-property/-/define-data-property-1.1.4.tgz 3660ms (cache miss)
1278 http fetch GET 200 https://registry.npmjs.org/deep-is/-/deep-is-0.1.4.tgz 3661ms (cache miss)
1279 http fetch GET 200 https://registry.npmjs.org/es-errors/-/es-errors-1.3.0.tgz 3685ms (cache miss)
1280 http fetch GET 200 https://registry.npmjs.org/damerau-levenshtein/-/damerau-levenshtein-1.0.8.tgz 3680ms (cache miss)
1281 http fetch GET 200 https://registry.npmjs.org/data-view-byte-offset/-/data-view-byte-offset-1.0.1.tgz 3682ms (cache miss)
1282 http fetch GET 200 https://registry.npmjs.org/which-typed-array/-/which-typed-array-1.1.20.tgz 3788ms (cache miss)
1283 http fetch GET 200 https://registry.npmjs.org/es-object-atoms/-/es-object-atoms-1.1.1.tgz 3715ms (cache miss)
1284 http fetch GET 200 https://registry.npmjs.org/define-properties/-/define-properties-1.2.1.tgz 3715ms (cache miss)
1285 http fetch GET 200 https://registry.npmjs.org/detect-libc/-/detect-libc-2.1.2.tgz 3715ms (cache miss)
1286 http fetch GET 200 https://registry.npmjs.org/eslint-config-next/-/eslint-config-next-16.2.6.tgz 3729ms (cache miss)
1287 http fetch GET 200 https://registry.npmjs.org/@babel/helper-module-imports/-/helper-module-imports-7.28.6.tgz 3829ms (cache miss)
1288 http fetch GET 200 https://registry.npmjs.org/data-view-buffer/-/data-view-buffer-1.0.2.tgz 3744ms (cache miss)
1289 http fetch GET 200 https://registry.npmjs.org/call-bind-apply-helpers/-/call-bind-apply-helpers-1.0.2.tgz 3742ms (cache miss)
1290 http fetch GET 200 https://registry.npmjs.org/data-view-byte-length/-/data-view-byte-length-1.0.2.tgz 3746ms (cache miss)
1291 http fetch GET 200 https://registry.npmjs.org/client-only/-/client-only-0.0.1.tgz 3742ms (cache miss)
1292 http fetch GET 200 https://registry.npmjs.org/@humanfs/core/-/core-0.19.2.tgz 3867ms (cache miss)
1293 http fetch GET 200 https://registry.npmjs.org/@eslint-community/eslint-utils/-/eslint-utils-4.9.1.tgz 3868ms (cache miss)
1294 http fetch GET 200 https://registry.npmjs.org/stop-iteration-iterator/-/stop-iteration-iterator-1.1.0.tgz 3843ms (cache miss)
1295 http fetch GET 200 https://registry.npmjs.org/optionator/-/optionator-0.9.4.tgz 3828ms (cache miss)
1296 http fetch GET 200 https://registry.npmjs.org/convert-source-map/-/convert-source-map-2.0.0.tgz 3774ms (cache miss)
1297 http fetch GET 200 https://registry.npmjs.org/color-convert/-/color-convert-2.0.1.tgz 3774ms (cache miss)
1298 http fetch GET 200 https://registry.npmjs.org/brace-expansion/-/brace-expansion-1.1.14.tgz 3772ms (cache miss)
1299 http fetch GET 200 https://registry.npmjs.org/balanced-match/-/balanced-match-1.0.2.tgz 3773ms (cache miss)
1300 http fetch GET 200 https://registry.npmjs.org/graceful-fs/-/graceful-fs-4.2.11.tgz 3825ms (cache miss)
1301 http fetch GET 200 https://registry.npmjs.org/call-bound/-/call-bound-1.0.4.tgz 3798ms (cache miss)
1302 http fetch GET 200 https://registry.npmjs.org/callsites/-/callsites-3.1.0.tgz 3800ms (cache miss)
1303 http fetch GET 200 https://registry.npmjs.org/ast-types-flow/-/ast-types-flow-0.0.8.tgz 3798ms (cache miss)
1304 http fetch GET 200 https://registry.npmjs.org/@tailwindcss/node/-/node-4.3.0.tgz 3931ms (cache miss)
1305 http fetch GET 200 https://registry.npmjs.org/@eslint/plugin-kit/-/plugin-kit-0.4.1.tgz 3920ms (cache miss)
1306 http fetch GET 200 https://registry.npmjs.org/async-function/-/async-function-1.0.0.tgz 3809ms (cache miss)
1307 http fetch GET 200 https://registry.npmjs.org/globals/-/globals-14.0.0.tgz 3853ms (cache miss)
1308 http fetch GET 200 https://registry.npmjs.org/cross-spawn/-/cross-spawn-7.0.6.tgz 3826ms (cache miss)
1309 http fetch GET 200 https://registry.npmjs.org/concat-map/-/concat-map-0.0.1.tgz 3832ms (cache miss)
1310 http fetch GET 200 https://registry.npmjs.org/balanced-match/-/balanced-match-4.0.4.tgz 3832ms (cache miss)
1311 http fetch GET 200 https://registry.npmjs.org/arraybuffer.prototype.slice/-/arraybuffer.prototype.slice-1.0.4.tgz 3850ms (cache miss)
1312 http fetch GET 200 https://registry.npmjs.org/@eslint/object-schema/-/object-schema-2.1.7.tgz 3974ms (cache miss)
1313 http fetch GET 200 https://registry.npmjs.org/react-is/-/react-is-16.13.1.tgz 3944ms (cache miss)
1314 http fetch GET 200 https://registry.npmjs.org/array.prototype.findlastindex/-/array.prototype.findlastindex-1.2.6.tgz 3864ms (cache miss)
1315 http fetch GET 200 https://registry.npmjs.org/array-buffer-byte-length/-/array-buffer-byte-length-1.0.2.tgz 3864ms (cache miss)
1316 http fetch GET 200 https://registry.npmjs.org/array.prototype.flatmap/-/array.prototype.flatmap-1.3.3.tgz 3870ms (cache miss)
1317 http fetch GET 200 https://registry.npmjs.org/ansi-styles/-/ansi-styles-4.3.0.tgz 3863ms (cache miss)
1318 http fetch GET 200 https://registry.npmjs.org/brace-expansion/-/brace-expansion-5.0.6.tgz 3858ms (cache miss)
1319 http fetch GET 200 https://registry.npmjs.org/side-channel-weakmap/-/side-channel-weakmap-1.0.2.tgz 3977ms (cache miss)
1320 http fetch GET 200 https://registry.npmjs.org/acorn-jsx/-/acorn-jsx-5.3.2.tgz 3887ms (cache miss)
1321 http fetch GET 200 https://registry.npmjs.org/color-name/-/color-name-1.1.4.tgz 3880ms (cache miss)
1322 http fetch GET 200 https://registry.npmjs.org/array.prototype.flat/-/array.prototype.flat-1.3.3.tgz 3899ms (cache miss)
1323 http fetch GET 200 https://registry.npmjs.org/estraverse/-/estraverse-5.3.0.tgz 3903ms (cache miss)
1324 http fetch GET 200 https://registry.npmjs.org/set-function-length/-/set-function-length-1.2.2.tgz 3995ms (cache miss)
1325 http fetch GET 200 https://registry.npmjs.org/eslint-visitor-keys/-/eslint-visitor-keys-5.0.1.tgz 3902ms (cache miss)
1326 http fetch GET 200 https://registry.npmjs.org/glob-parent/-/glob-parent-5.1.2.tgz 3897ms (cache miss)
1327 http fetch GET 200 https://registry.npmjs.org/typescript-eslint/-/typescript-eslint-8.59.3.tgz 4021ms (cache miss)
1328 http fetch GET 200 https://registry.npmjs.org/ts-api-utils/-/ts-api-utils-2.5.0.tgz 4019ms (cache miss)
1329 http fetch GET 200 https://registry.npmjs.org/argparse/-/argparse-2.0.1.tgz 3917ms (cache miss)
1330 http fetch GET 200 https://registry.npmjs.org/nanoid/-/nanoid-3.3.12.tgz 3928ms (cache miss)
1331 http fetch GET 200 https://registry.npmjs.org/flat-cache/-/flat-cache-4.0.1.tgz 3971ms (cache miss)
1332 http fetch GET 200 https://registry.npmjs.org/nanoid/-/nanoid-3.3.12.tgz 3886ms (cache miss)
1333 http fetch GET 200 https://registry.npmjs.org/has-property-descriptors/-/has-property-descriptors-1.0.2.tgz 4003ms (cache miss)
1334 http fetch GET 200 https://registry.npmjs.org/@babel/compat-data/-/compat-data-7.29.3.tgz 4087ms (cache miss)
1335 http fetch GET 200 https://registry.npmjs.org/object-keys/-/object-keys-1.1.1.tgz 4051ms (cache miss)
1336 http fetch GET 200 https://registry.npmjs.org/picomatch/-/picomatch-2.3.2.tgz 4066ms (cache miss)
1337 http fetch GET 200 https://registry.npmjs.org/ignore/-/ignore-7.0.5.tgz 3979ms (cache miss)
1338 http fetch GET 200 https://registry.npmjs.org/tslib/-/tslib-2.8.1.tgz 4102ms (cache miss)
1339 http fetch GET 200 https://registry.npmjs.org/hasown/-/hasown-2.0.3.tgz 4039ms (cache miss)
1340 http fetch GET 200 https://registry.npmjs.org/get-intrinsic/-/get-intrinsic-1.3.0.tgz 4039ms (cache miss)
1341 http fetch GET 200 https://registry.npmjs.org/is-regex/-/is-regex-1.2.1.tgz 4067ms (cache miss)
1342 http fetch GET 200 https://registry.npmjs.org/functions-have-names/-/functions-have-names-1.2.3.tgz 4060ms (cache miss)
1343 http fetch GET 200 https://registry.npmjs.org/get-tsconfig/-/get-tsconfig-4.14.0.tgz 4081ms (cache miss)
1344 http fetch GET 200 https://registry.npmjs.org/prop-types/-/prop-types-15.8.1.tgz 4132ms (cache miss)
1345 http fetch GET 200 https://registry.npmjs.org/debug/-/debug-4.4.3.tgz 4066ms (cache miss)
1346 http fetch GET 200 https://registry.npmjs.org/@nodelib/fs.stat/-/fs.stat-2.0.5.tgz 4201ms (cache miss)
1347 http fetch GET 200 https://registry.npmjs.org/chalk/-/chalk-4.1.2.tgz 4077ms (cache miss)
1348 http fetch GET 200 https://registry.npmjs.org/is-negative-zero/-/is-negative-zero-2.0.3.tgz 4126ms (cache miss)
1349 http fetch GET 200 https://registry.npmjs.org/is-boolean-object/-/is-boolean-object-1.2.2.tgz 4143ms (cache miss)
1350 http fetch GET 200 https://registry.npmjs.org/eslint-import-resolver-typescript/-/eslint-import-resolver-typescript-3.10.1.tgz 4142ms (cache miss)
1351 http fetch GET 200 https://registry.npmjs.org/fdir/-/fdir-6.5.0.tgz 4118ms (cache miss)
1352 http fetch GET 200 https://registry.npmjs.org/internal-slot/-/internal-slot-1.1.0.tgz 4188ms (cache miss)
1353 http fetch GET 200 https://registry.npmjs.org/globals/-/globals-16.4.0.tgz 4135ms (cache miss)
1354 http fetch GET 200 https://registry.npmjs.org/string.prototype.trim/-/string.prototype.trim-1.2.10.tgz 4269ms (cache miss)
1355 http fetch GET 200 https://registry.npmjs.org/doctrine/-/doctrine-2.1.0.tgz 4206ms (cache miss)
1356 http fetch GET 200 https://registry.npmjs.org/function-bind/-/function-bind-1.1.2.tgz 4239ms (cache miss)
1357 http fetch GET 200 https://registry.npmjs.org/reflect.getprototypeof/-/reflect.getprototypeof-1.0.10.tgz 4294ms (cache miss)
1358 http fetch GET 200 https://registry.npmjs.org/for-each/-/for-each-0.3.5.tgz 4242ms (cache miss)
1359 http fetch GET 200 https://registry.npmjs.org/iceberg-js/-/iceberg-js-0.8.1.tgz 4252ms (cache miss)
1360 http fetch GET 200 https://registry.npmjs.org/browserslist/-/browserslist-4.28.2.tgz 4230ms (cache miss)
1361 http fetch GET 200 https://registry.npmjs.org/available-typed-arrays/-/available-typed-arrays-1.0.7.tgz 4228ms (cache miss)
1362 http fetch GET 200 https://registry.npmjs.org/espree/-/espree-10.4.0.tgz 4251ms (cache miss)
1363 http fetch GET 200 https://registry.npmjs.org/string.prototype.matchall/-/string.prototype.matchall-4.0.12.tgz 4334ms (cache miss)
1364 http fetch GET 200 https://registry.npmjs.org/postcss 4081ms (cache miss)
1365 silly packumentCache corgi:https://registry.npmjs.org/postcss set size:undefined disposed:false
1366 http fetch GET 200 https://registry.npmjs.org/eslint-visitor-keys/-/eslint-visitor-keys-4.2.1.tgz 4252ms (cache miss)
1367 http fetch GET 200 https://registry.npmjs.org/debug/-/debug-3.2.7.tgz 4245ms (cache miss)
1368 http fetch GET 200 https://registry.npmjs.org/@babel/helper-compilation-targets/-/helper-compilation-targets-7.28.6.tgz 4374ms (cache miss)
1369 http fetch GET 200 https://registry.npmjs.org/debug/-/debug-3.2.7.tgz 4254ms (cache miss)
1370 http fetch GET 200 https://registry.npmjs.org/generator-function/-/generator-function-2.0.1.tgz 4305ms (cache miss)
1371 http fetch GET 200 https://registry.npmjs.org/debug/-/debug-3.2.7.tgz 4262ms (cache miss)
1372 http fetch GET 200 https://registry.npmjs.org/call-bind/-/call-bind-1.0.9.tgz 4282ms (cache miss)
1373 http fetch GET 200 https://registry.npmjs.org/@types/react/-/react-19.2.14.tgz 4421ms (cache miss)
1374 http fetch GET 200 https://registry.npmjs.org/scheduler/-/scheduler-0.27.0.tgz 4380ms (cache miss)
1375 http fetch GET 200 https://registry.npmjs.org/braces/-/braces-3.0.3.tgz 4306ms (cache miss)
1376 http fetch GET 200 https://registry.npmjs.org/baseline-browser-mapping/-/baseline-browser-mapping-2.10.29.tgz 4328ms (cache miss)
1377 http fetch GET 200 https://registry.npmjs.org/electron-to-chromium/-/electron-to-chromium-1.5.355.tgz 4347ms (cache miss)
1378 http fetch GET 200 https://registry.npmjs.org/regexp.prototype.flags/-/regexp.prototype.flags-1.5.4.tgz 4422ms (cache miss)
1379 http fetch GET 200 https://registry.npmjs.org/object.values/-/object.values-1.2.1.tgz 4421ms (cache miss)
1380 http fetch GET 200 https://registry.npmjs.org/picomatch/-/picomatch-4.0.4.tgz 4338ms (cache miss)
1381 http fetch GET 200 https://registry.npmjs.org/has-proto/-/has-proto-1.2.0.tgz 4388ms (cache miss)
1382 http fetch GET 200 https://registry.npmjs.org/zod-validation-error/-/zod-validation-error-4.0.2.tgz 4469ms (cache miss)
1383 http fetch GET 200 https://registry.npmjs.org/@babel/helper-module-transforms/-/helper-module-transforms-7.28.6.tgz 4480ms (cache miss)
1384 http fetch GET 200 https://registry.npmjs.org/@babel/template/-/template-7.28.6.tgz 4487ms (cache miss)
1385 http fetch GET 200 https://registry.npmjs.org/has-symbols/-/has-symbols-1.1.0.tgz 4428ms (cache miss)
1386 http fetch GET 200 https://registry.npmjs.org/eslint-visitor-keys/-/eslint-visitor-keys-3.4.3.tgz 4392ms (cache miss)
1387 silly packumentCache corgi:https://registry.npmjs.org/next cache-miss
1388 http fetch GET 200 https://registry.npmjs.org/@emnapi/wasi-threads/-/wasi-threads-1.2.1.tgz 4555ms (cache miss)
1389 http fetch GET 200 https://registry.npmjs.org/globalthis/-/globalthis-1.0.4.tgz 4467ms (cache miss)
1390 http fetch GET 200 https://registry.npmjs.org/magic-string/-/magic-string-0.30.21.tgz 4520ms (cache miss)
1391 http fetch GET 200 https://registry.npmjs.org/@eslint/config-array/-/config-array-0.21.2.tgz 4572ms (cache miss)
1392 http fetch GET 200 https://registry.npmjs.org/json5/-/json5-1.0.2.tgz 4452ms (cache miss)
1393 http fetch GET 200 https://registry.npmjs.org/array.prototype.tosorted/-/array.prototype.tosorted-1.1.4.tgz 4469ms (cache miss)
1394 http fetch GET 200 https://registry.npmjs.org/source-map-js/-/source-map-js-1.2.1.tgz 4566ms (cache miss)
1395 http fetch GET 200 https://registry.npmjs.org/@emnapi/runtime/-/runtime-1.10.0.tgz 4599ms (cache miss)
1396 http fetch GET 200 https://registry.npmjs.org/function.prototype.name/-/function.prototype.name-1.1.8.tgz 4514ms (cache miss)
1397 http fetch GET 200 https://registry.npmjs.org/object.assign/-/object.assign-4.1.7.tgz 4579ms (cache miss)
1398 http fetch GET 200 https://registry.npmjs.org/array-includes/-/array-includes-3.1.9.tgz 4502ms (cache miss)
1399 http fetch GET 200 https://registry.npmjs.org/array.prototype.findlast/-/array.prototype.findlast-1.2.5.tgz 4505ms (cache miss)
1400 http fetch GET 200 https://registry.npmjs.org/eslint-scope/-/eslint-scope-8.4.0.tgz 4561ms (cache miss)
1401 http fetch GET 200 https://registry.npmjs.org/tapable/-/tapable-2.3.3.tgz 4678ms (cache miss)
1402 http fetch GET 200 https://registry.npmjs.org/hermes-estree/-/hermes-estree-0.25.1.tgz 4620ms (cache miss)
1403 http fetch GET 200 https://registry.npmjs.org/@nodelib/fs.scandir/-/fs.scandir-2.1.5.tgz 4715ms (cache miss)
1404 http fetch GET 200 https://registry.npmjs.org/lightningcss/-/lightningcss-1.32.0.tgz 4652ms (cache miss)
1405 http fetch GET 200 https://registry.npmjs.org/acorn/-/acorn-8.16.0.tgz 4589ms (cache miss)
1406 http fetch GET 200 https://registry.npmjs.org/csstype/-/csstype-3.2.3.tgz 4621ms (cache miss)
1407 http fetch GET 200 https://registry.npmjs.org/@jridgewell/sourcemap-codec/-/sourcemap-codec-1.5.5.tgz 4775ms (cache miss)
1408 http fetch GET 200 https://registry.npmjs.org/json5/-/json5-2.2.3.tgz 4722ms (cache miss)
1409 http fetch GET 200 https://registry.npmjs.org/@nodelib/fs.walk/-/fs.walk-1.2.8.tgz 4825ms (cache miss)
1410 http fetch GET 200 https://registry.npmjs.org/napi-postinstall/-/napi-postinstall-0.3.4.tgz 4791ms (cache miss)
1411 http fetch GET 200 https://registry.npmjs.org/@babel/parser/-/parser-7.29.3.tgz 4850ms (cache miss)
1412 http fetch GET 200 https://registry.npmjs.org/styled-jsx/-/styled-jsx-5.1.6.tgz 4850ms (cache miss)
1413 http fetch GET 200 https://registry.npmjs.org/@unrs/resolver-binding-win32-x64-msvc/-/resolver-binding-win32-x64-msvc-1.11.1.tgz 4899ms (cache miss)
1414 http fetch GET 200 https://registry.npmjs.org/react/-/react-19.2.4.tgz 4840ms (cache miss)
1415 http fetch GET 200 https://registry.npmjs.org/@jridgewell/remapping/-/remapping-2.3.5.tgz 4889ms (cache miss)
1416 http fetch GET 200 https://registry.npmjs.org/eslint-module-utils/-/eslint-module-utils-2.12.1.tgz 4787ms (cache miss)
1417 http fetch GET 200 https://registry.npmjs.org/undici-types/-/undici-types-6.21.0.tgz 4881ms (cache miss)
1418 http fetch GET 200 https://registry.npmjs.org/esquery/-/esquery-1.7.0.tgz 4805ms (cache miss)
1419 http fetch GET 200 https://registry.npmjs.org/@jridgewell/gen-mapping/-/gen-mapping-0.3.13.tgz 4913ms (cache miss)
1420 http fetch GET 200 https://registry.npmjs.org/@emnapi/core/-/core-1.10.0.tgz 4966ms (cache miss)
1421 http fetch GET 200 https://registry.npmjs.org/object-inspect/-/object-inspect-1.13.4.tgz 4970ms (cache miss)
1422 http fetch GET 200 https://registry.npmjs.org/@supabase/supabase-js/-/supabase-js-2.105.4.tgz 5106ms (cache miss)
1423 http fetch GET 200 https://registry.npmjs.org/jiti/-/jiti-2.7.0.tgz 5044ms (cache miss)
1424 http fetch GET 200 https://registry.npmjs.org/language-subtag-registry/-/language-subtag-registry-0.3.23.tgz 5063ms (cache miss)
1425 http fetch GET 200 https://registry.npmjs.org/@eslint/eslintrc/-/eslintrc-3.3.5.tgz 5127ms (cache miss)
1426 http fetch GET 200 https://registry.npmjs.org/sharp/-/sharp-0.34.5.tgz 5129ms (cache miss)
1427 http fetch GET 200 https://registry.npmjs.org/tailwindcss/-/tailwindcss-4.3.0.tgz 5143ms (cache miss)
1428 http fetch GET 200 https://registry.npmjs.org/@supabase/postgrest-js/-/postgrest-js-2.105.4.tgz 5205ms (cache miss)
1429 http fetch GET 200 https://registry.npmjs.org/@tailwindcss/oxide-win32-x64-msvc/-/oxide-win32-x64-msvc-4.3.0.tgz 5214ms (cache miss)
1430 http fetch GET 200 https://registry.npmjs.org/@typescript-eslint/type-utils/-/type-utils-8.59.3.tgz 5278ms (cache miss)
1431 http fetch GET 200 https://registry.npmjs.org/js-yaml/-/js-yaml-4.1.1.tgz 5228ms (cache miss)
1432 http fetch GET 200 https://registry.npmjs.org/@supabase/storage-js/-/storage-js-2.105.4.tgz 5350ms (cache miss)
1433 http fetch GET 200 https://registry.npmjs.org/@jridgewell/trace-mapping/-/trace-mapping-0.3.31.tgz 5406ms (cache miss)
1434 http fetch GET 200 https://registry.npmjs.org/eslint-plugin-react-hooks/-/eslint-plugin-react-hooks-7.1.1.tgz 5460ms (cache miss)
1435 http fetch GET 200 https://registry.npmjs.org/@babel/generator/-/generator-7.29.1.tgz 5626ms (cache miss)
1436 http fetch GET 200 https://registry.npmjs.org/semver/-/semver-7.8.0.tgz 5501ms (cache miss)
1437 http fetch GET 200 https://registry.npmjs.org/semver/-/semver-7.8.0.tgz 5505ms (cache miss)
1438 http fetch GET 200 https://registry.npmjs.org/semver/-/semver-7.8.0.tgz 5513ms (cache miss)
1439 http fetch GET 200 https://registry.npmjs.org/postcss/-/postcss-8.5.14.tgz 5607ms (cache miss)
1440 http fetch GET 200 https://registry.npmjs.org/@tybys/wasm-util/-/wasm-util-0.10.2.tgz 5675ms (cache miss)
1441 http fetch GET 200 https://registry.npmjs.org/@supabase/functions-js/-/functions-js-2.105.4.tgz 5731ms (cache miss)
1442 http fetch GET 200 https://registry.npmjs.org/postcss/-/postcss-8.4.31.tgz 5549ms (cache miss)
1443 http fetch GET 200 https://registry.npmjs.org/enhanced-resolve/-/enhanced-resolve-5.21.3.tgz 5656ms (cache miss)
1444 http fetch GET 200 https://registry.npmjs.org/axe-core/-/axe-core-4.11.4.tgz 5681ms (cache miss)
1445 http fetch GET 200 https://registry.npmjs.org/@next/eslint-plugin-next/-/eslint-plugin-next-16.2.6.tgz 5818ms (cache miss)
1446 http fetch GET 200 https://registry.npmjs.org/hermes-parser/-/hermes-parser-0.25.1.tgz 5855ms (cache miss)
1447 http fetch GET 200 https://registry.npmjs.org/uri-js/-/uri-js-4.4.1.tgz 5927ms (cache miss)
1448 http fetch GET 200 https://registry.npmjs.org/fast-glob/-/fast-glob-3.3.1.tgz 5915ms (cache miss)
1449 http fetch GET 200 https://registry.npmjs.org/@types/node/-/node-20.19.41.tgz 6047ms (cache miss)
1450 http fetch GET 200 https://registry.npmjs.org/@supabase/phoenix/-/phoenix-0.4.2.tgz 6053ms (cache miss)
1451 http fetch GET 200 https://registry.npmjs.org/minimatch/-/minimatch-10.2.5.tgz 5915ms (cache miss)
1452 http fetch GET 200 https://registry.npmjs.org/@napi-rs/wasm-runtime/-/wasm-runtime-0.2.12.tgz 6084ms (cache miss)
1453 http fetch GET 200 https://registry.npmjs.org/@babel/traverse/-/traverse-7.29.0.tgz 6120ms (cache miss)
1454 http fetch GET 200 https://registry.npmjs.org/tsconfig-paths/-/tsconfig-paths-3.15.0.tgz 6117ms (cache miss)
1455 http fetch GET 200 https://registry.npmjs.org/@typescript-eslint/typescript-estree/-/typescript-estree-8.59.3.tgz 6290ms (cache miss)
1456 http fetch GET 200 https://registry.npmjs.org/@typescript-eslint/utils/-/utils-8.59.3.tgz 6339ms (cache miss)
1457 http fetch GET 200 https://registry.npmjs.org/lightningcss-win32-x64-msvc/-/lightningcss-win32-x64-msvc-1.32.0.tgz 6358ms (cache miss)
1458 http fetch GET 200 https://registry.npmjs.org/react-dom/-/react-dom-19.2.4.tgz 6429ms (cache miss)
1459 http fetch GET 200 https://registry.npmjs.org/@google/generative-ai/-/generative-ai-0.24.1.tgz 6488ms (cache miss)
1460 http fetch GET 200 https://registry.npmjs.org/ajv/-/ajv-6.15.0.tgz 6383ms (cache miss)
1461 http fetch GET 200 https://registry.npmjs.org/es-iterator-helpers/-/es-iterator-helpers-1.3.2.tgz 6466ms (cache miss)
1462 http fetch GET 200 https://registry.npmjs.org/jsx-ast-utils/-/jsx-ast-utils-3.3.5.tgz 6545ms (cache miss)
1463 http fetch GET 200 https://registry.npmjs.org/resolve/-/resolve-2.0.0-next.6.tgz 6591ms (cache miss)
1464 http fetch GET 200 https://registry.npmjs.org/prettier/-/prettier-3.8.3.tgz 6644ms (cache miss)
1465 http fetch GET 200 https://registry.npmjs.org/@babel/core/-/core-7.29.0.tgz 6786ms (cache miss)
1466 http fetch GET 200 https://registry.npmjs.org/eslint-plugin-import/-/eslint-plugin-import-2.32.0.tgz 6789ms (cache miss)
1467 http fetch GET 200 https://registry.npmjs.org/@supabase/realtime-js/-/realtime-js-2.105.4.tgz 7006ms (cache miss)
1468 http fetch GET 200 https://registry.npmjs.org/axobject-query/-/axobject-query-4.1.0.tgz 6962ms (cache miss)
1469 http fetch GET 200 https://registry.npmjs.org/@img/sharp-win32-x64/-/sharp-win32-x64-0.34.5.tgz 7143ms (cache miss)
1470 http fetch GET 200 https://registry.npmjs.org/next 2805ms (cache miss)
1471 silly packumentCache corgi:https://registry.npmjs.org/next set size:undefined disposed:false
1472 http fetch GET 200 https://registry.npmjs.org/@babel/types/-/types-7.29.0.tgz 7788ms (cache miss)
1473 http fetch GET 200 https://registry.npmjs.org/aria-query/-/aria-query-5.3.2.tgz 7863ms (cache miss)
1474 http fetch GET 200 https://registry.npmjs.org/@supabase/auth-js/-/auth-js-2.105.4.tgz 8082ms (cache miss)
1475 http fetch GET 200 https://registry.npmjs.org/@babel/helpers/-/helpers-7.29.2.tgz 8104ms (cache miss)
1476 http fetch GET 200 https://registry.npmjs.org/eslint-plugin-jsx-a11y/-/eslint-plugin-jsx-a11y-6.10.2.tgz 8020ms (cache miss)
1477 http fetch GET 200 https://registry.npmjs.org/typescript/-/typescript-5.9.3.tgz 8237ms (cache miss)
1478 http fetch GET 200 https://registry.npmjs.org/@swc/helpers/-/helpers-0.5.15.tgz 8398ms (cache miss)
1479 http fetch GET 200 https://registry.npmjs.org/@typescript-eslint/scope-manager/-/scope-manager-8.59.3.tgz 8465ms (cache miss)
1480 http fetch GET 200 https://registry.npmjs.org/eslint-plugin-react/-/eslint-plugin-react-7.37.5.tgz 8511ms (cache miss)
1481 http fetch GET 200 https://registry.npmjs.org/eslint/-/eslint-9.39.4.tgz 8683ms (cache miss)
1482 http fetch GET 200 https://registry.npmjs.org/@typescript-eslint/eslint-plugin/-/eslint-plugin-8.59.3.tgz 8836ms (cache miss)
1483 http fetch GET 200 https://registry.npmjs.org/zod/-/zod-4.4.3.tgz 9692ms (cache miss)
1484 http fetch GET 200 https://registry.npmjs.org/@next/swc-win32-x64-msvc/-/swc-win32-x64-msvc-16.2.6.tgz 9748ms (cache miss)
1485 http fetch GET 200 https://registry.npmjs.org/caniuse-lite/-/caniuse-lite-1.0.30001792.tgz 9715ms (cache miss)
1486 http fetch GET 200 https://registry.npmjs.org/es-abstract/-/es-abstract-1.24.2.tgz 11507ms (cache miss)
1487 http fetch GET 200 https://registry.npmjs.org/next/-/next-16.2.6.tgz 48968ms (cache miss)
1488 info run sharp@0.34.5 install node_modules/sharp node install/check.js || npm run build
1489 info run sharp@0.34.5 install { code: 0, signal: null }
1490 info run unrs-resolver@1.11.1 postinstall node_modules/unrs-resolver napi-postinstall unrs-resolver 1.11.1 check
1491 info run unrs-resolver@1.11.1 postinstall { code: 0, signal: null }
1492 silly CHANGE node_modules/@unrs/resolver-binding-win32-x64-msvc
1493 silly CHANGE node_modules/@typescript-eslint/visitor-keys
1494 silly CHANGE node_modules/@typescript-eslint/visitor-keys/node_modules/eslint-visitor-keys
1495 silly CHANGE node_modules/@typescript-eslint/typescript-estree
1496 silly CHANGE node_modules/@typescript-eslint/typescript-estree/node_modules/semver
1497 silly CHANGE node_modules/@typescript-eslint/typescript-estree/node_modules/minimatch
1498 silly CHANGE node_modules/@typescript-eslint/typescript-estree/node_modules/brace-expansion
1499 silly CHANGE node_modules/@typescript-eslint/typescript-estree/node_modules/balanced-match
1500 silly CHANGE node_modules/@typescript-eslint/utils
1501 silly CHANGE node_modules/@typescript-eslint/types
1502 silly CHANGE node_modules/@typescript-eslint/type-utils
1503 silly CHANGE node_modules/@typescript-eslint/tsconfig-utils
1504 silly CHANGE node_modules/@typescript-eslint/scope-manager
1505 silly CHANGE node_modules/@typescript-eslint/project-service
1506 silly CHANGE node_modules/@typescript-eslint/parser
1507 silly CHANGE node_modules/@typescript-eslint/eslint-plugin
1508 silly CHANGE node_modules/@typescript-eslint/eslint-plugin/node_modules/ignore
1509 silly CHANGE node_modules/@types/react-dom
1510 silly CHANGE node_modules/@types/react
1511 silly CHANGE node_modules/@types/node
1512 silly CHANGE node_modules/@types/json5
1513 silly CHANGE node_modules/@types/json-schema
1514 silly CHANGE node_modules/@types/estree
1515 silly CHANGE node_modules/@tailwindcss/oxide
1516 silly CHANGE node_modules/@swc/helpers
1517 silly CHANGE node_modules/@tybys/wasm-util
1518 silly CHANGE node_modules/@tailwindcss/postcss
1519 silly CHANGE node_modules/@tailwindcss/oxide-win32-x64-msvc
1520 silly CHANGE node_modules/@tailwindcss/node
1521 silly CHANGE node_modules/@supabase/supabase-js
1522 silly CHANGE node_modules/@supabase/storage-js
1523 silly CHANGE node_modules/@supabase/realtime-js
1524 silly CHANGE node_modules/@supabase/postgrest-js
1525 silly CHANGE node_modules/@supabase/phoenix
1526 silly CHANGE node_modules/@supabase/functions-js
1527 silly CHANGE node_modules/@supabase/auth-js
1528 silly CHANGE node_modules/@rtsao/scc
1529 silly CHANGE node_modules/@nolyfill/is-core-module
1530 silly CHANGE node_modules/@nodelib/fs.walk
1531 silly CHANGE node_modules/@nodelib/fs.stat
1532 silly CHANGE node_modules/@nodelib/fs.scandir
1533 silly CHANGE node_modules/@next/swc-win32-x64-msvc
1534 silly CHANGE node_modules/@next/eslint-plugin-next
1535 silly CHANGE node_modules/@babel/helpers
1536 silly CHANGE node_modules/@next/env
1537 silly CHANGE node_modules/@napi-rs/wasm-runtime
1538 silly CHANGE node_modules/@jridgewell/trace-mapping
1539 silly CHANGE node_modules/@jridgewell/sourcemap-codec
1540 silly CHANGE node_modules/@jridgewell/resolve-uri
1541 silly CHANGE node_modules/@jridgewell/remapping
1542 silly CHANGE node_modules/@jridgewell/gen-mapping
1543 silly CHANGE node_modules/@img/sharp-win32-x64
1544 silly CHANGE node_modules/@img/colour
1545 silly CHANGE node_modules/@humanwhocodes/retry
1546 silly CHANGE node_modules/@humanwhocodes/module-importer
1547 silly CHANGE node_modules/@humanfs/types
1548 silly CHANGE node_modules/@humanfs/node
1549 silly CHANGE node_modules/@humanfs/core
1550 silly CHANGE node_modules/@google/generative-ai
1551 silly CHANGE node_modules/@eslint-community/regexpp
1552 silly CHANGE node_modules/@eslint-community/eslint-utils
1553 silly CHANGE node_modules/@eslint-community/eslint-utils/node_modules/eslint-visitor-keys
1554 silly CHANGE node_modules/@eslint/plugin-kit
1555 silly CHANGE node_modules/@eslint/object-schema
1556 silly CHANGE node_modules/@eslint/js
1557 silly CHANGE node_modules/@eslint/eslintrc
1558 silly CHANGE node_modules/@eslint/core
1559 silly CHANGE node_modules/@eslint/config-helpers
1560 silly CHANGE node_modules/@eslint/config-array
1561 silly CHANGE node_modules/@emnapi/wasi-threads
1562 silly CHANGE node_modules/@emnapi/runtime
1563 silly CHANGE node_modules/@emnapi/core
1564 silly CHANGE node_modules/@babel/types
1565 silly CHANGE node_modules/@babel/template
1566 silly CHANGE node_modules/@babel/traverse
1567 silly CHANGE node_modules/@babel/parser
1568 silly CHANGE node_modules/@babel/helper-validator-option
1569 silly CHANGE node_modules/@babel/helper-validator-identifier
1570 silly CHANGE node_modules/@babel/helper-string-parser
1571 silly CHANGE node_modules/@babel/helper-module-transforms
1572 silly CHANGE node_modules/@babel/helper-module-imports
1573 silly CHANGE node_modules/@babel/helper-globals
1574 silly CHANGE node_modules/@babel/generator
1575 silly CHANGE node_modules/@babel/helper-compilation-targets
1576 silly CHANGE node_modules/@babel/core
1577 silly CHANGE node_modules/@babel/compat-data
1578 silly CHANGE node_modules/@babel/code-frame
1579 silly CHANGE node_modules/zod-validation-error
1580 silly CHANGE node_modules/@alloc/quick-lru
1581 silly CHANGE node_modules/zod
1582 silly CHANGE node_modules/yallist
1583 silly CHANGE node_modules/yocto-queue
1584 silly CHANGE node_modules/word-wrap
1585 silly CHANGE node_modules/which-builtin-type
1586 silly CHANGE node_modules/which-typed-array
1587 silly CHANGE node_modules/which-collection
1588 silly CHANGE node_modules/which-boxed-primitive
1589 silly CHANGE node_modules/which
1590 silly CHANGE node_modules/uri-js
1591 silly CHANGE node_modules/update-browserslist-db
1592 silly CHANGE node_modules/unrs-resolver
1593 silly CHANGE node_modules/undici-types
1594 silly CHANGE node_modules/unbox-primitive
1595 silly CHANGE node_modules/typescript
1596 silly CHANGE node_modules/typescript-eslint
1597 silly CHANGE node_modules/typed-array-length
1598 silly CHANGE node_modules/typed-array-byte-length
1599 silly CHANGE node_modules/typed-array-byte-offset
1600 silly CHANGE node_modules/type-check
1601 silly CHANGE node_modules/typed-array-buffer
1602 silly CHANGE node_modules/tslib
1603 silly CHANGE node_modules/tsconfig-paths
1604 silly CHANGE node_modules/tsconfig-paths/node_modules/json5
1605 silly CHANGE node_modules/ts-api-utils
1606 silly CHANGE node_modules/to-regex-range
1607 silly CHANGE node_modules/tinyglobby
1608 silly CHANGE node_modules/tinyglobby/node_modules/fdir
1609 silly CHANGE node_modules/tinyglobby/node_modules/picomatch
1610 silly CHANGE node_modules/tapable
1611 silly CHANGE node_modules/tailwindcss
1612 silly CHANGE node_modules/supports-preserve-symlinks-flag
1613 silly CHANGE node_modules/styled-jsx
1614 silly CHANGE node_modules/supports-color
1615 silly CHANGE node_modules/strip-json-comments
1616 silly CHANGE node_modules/string.prototype.trimstart
1617 silly CHANGE node_modules/strip-bom
1618 silly CHANGE node_modules/string.prototype.trimend
1619 silly CHANGE node_modules/string.prototype.trim
1620 silly CHANGE node_modules/string.prototype.repeat
1621 silly CHANGE node_modules/string.prototype.matchall
1622 silly CHANGE node_modules/string.prototype.includes
1623 silly CHANGE node_modules/stop-iteration-iterator
1624 silly CHANGE node_modules/stable-hash
1625 silly CHANGE node_modules/source-map-js
1626 silly CHANGE node_modules/side-channel-weakmap
1627 silly CHANGE node_modules/side-channel-map
1628 silly CHANGE node_modules/side-channel-list
1629 silly CHANGE node_modules/side-channel
1630 silly CHANGE node_modules/shebang-regex
1631 silly CHANGE node_modules/shebang-command
1632 silly CHANGE node_modules/sharp
1633 silly CHANGE node_modules/sharp/node_modules/semver
1634 silly CHANGE node_modules/set-proto
1635 silly CHANGE node_modules/set-function-name
1636 silly CHANGE node_modules/set-function-length
1637 silly CHANGE node_modules/semver
1638 silly CHANGE node_modules/scheduler
1639 silly CHANGE node_modules/safe-regex-test
1640 silly CHANGE node_modules/safe-push-apply
1641 silly CHANGE node_modules/safe-array-concat
1642 silly CHANGE node_modules/run-parallel
1643 silly CHANGE node_modules/reusify
1644 silly CHANGE node_modules/resolve-pkg-maps
1645 silly CHANGE node_modules/resolve-from
1646 silly CHANGE node_modules/resolve
1647 silly CHANGE node_modules/regexp.prototype.flags
1648 silly CHANGE node_modules/reflect.getprototypeof
1649 silly CHANGE node_modules/react-is
1650 silly CHANGE node_modules/react-dom
1651 silly CHANGE node_modules/react
1652 silly CHANGE node_modules/queue-microtask
1653 silly CHANGE node_modules/punycode
1654 silly CHANGE node_modules/prop-types
1655 silly CHANGE node_modules/prettier
1656 silly CHANGE node_modules/prelude-ls
1657 silly CHANGE node_modules/postcss
1658 silly CHANGE node_modules/postcss/node_modules/nanoid
1659 silly CHANGE node_modules/possible-typed-array-names
1660 silly CHANGE node_modules/picomatch
1661 silly CHANGE node_modules/picocolors
1662 silly CHANGE node_modules/path-parse
1663 silly CHANGE node_modules/path-key
1664 silly CHANGE node_modules/path-exists
1665 silly CHANGE node_modules/parent-module
1666 silly CHANGE node_modules/p-locate
1667 silly CHANGE node_modules/p-limit
1668 silly CHANGE node_modules/own-keys
1669 silly CHANGE node_modules/optionator
1670 silly CHANGE node_modules/object.values
1671 silly CHANGE node_modules/object.assign
1672 silly CHANGE node_modules/object.groupby
1673 silly CHANGE node_modules/object.fromentries
1674 silly CHANGE node_modules/object.entries
1675 silly CHANGE node_modules/object-keys
1676 silly CHANGE node_modules/object-inspect
1677 silly CHANGE node_modules/object-assign
1678 silly CHANGE node_modules/node-exports-info
1679 silly CHANGE node_modules/node-releases
1680 silly CHANGE node_modules/next
1681 silly CHANGE node_modules/next/node_modules/postcss
1682 silly CHANGE node_modules/next/node_modules/nanoid
1683 silly CHANGE node_modules/magic-string
1684 silly CHANGE node_modules/natural-compare
1685 silly CHANGE node_modules/napi-postinstall
1686 silly CHANGE node_modules/nanoid
1687 silly CHANGE node_modules/ms
1688 silly CHANGE node_modules/minimist
1689 silly CHANGE node_modules/minimatch
1690 silly CHANGE node_modules/micromatch
1691 silly CHANGE node_modules/merge2
1692 silly CHANGE node_modules/math-intrinsics
1693 silly CHANGE node_modules/lru-cache
1694 silly CHANGE node_modules/loose-envify
1695 silly CHANGE node_modules/lodash.merge
1696 silly CHANGE node_modules/locate-path
1697 silly CHANGE node_modules/lightningcss-win32-x64-msvc
1698 silly CHANGE node_modules/lightningcss
1699 silly CHANGE node_modules/levn
1700 silly CHANGE node_modules/language-tags
1701 silly CHANGE node_modules/language-subtag-registry
1702 silly CHANGE node_modules/jsx-ast-utils
1703 silly CHANGE node_modules/keyv
1704 silly CHANGE node_modules/json5
1705 silly CHANGE node_modules/json-stable-stringify-without-jsonify
1706 silly CHANGE node_modules/json-schema-traverse
1707 silly CHANGE node_modules/json-buffer
1708 silly CHANGE node_modules/jsesc
1709 silly CHANGE node_modules/js-yaml
1710 silly CHANGE node_modules/js-tokens
1711 silly CHANGE node_modules/jiti
1712 silly CHANGE node_modules/iterator.prototype
1713 silly CHANGE node_modules/isarray
1714 silly CHANGE node_modules/isexe
1715 silly CHANGE node_modules/is-weakref
1716 silly CHANGE node_modules/is-typed-array
1717 silly CHANGE node_modules/is-weakset
1718 silly CHANGE node_modules/is-weakmap
1719 silly CHANGE node_modules/is-symbol
1720 silly CHANGE node_modules/is-string
1721 silly CHANGE node_modules/is-shared-array-buffer
1722 silly CHANGE node_modules/is-set
1723 silly CHANGE node_modules/is-regex
1724 silly CHANGE node_modules/is-core-module
1725 silly CHANGE node_modules/is-number-object
1726 silly CHANGE node_modules/is-number
1727 silly CHANGE node_modules/is-glob
1728 silly CHANGE node_modules/is-negative-zero
1729 silly CHANGE node_modules/is-map
1730 silly CHANGE node_modules/is-generator-function
1731 silly CHANGE node_modules/is-finalizationregistry
1732 silly CHANGE node_modules/is-extglob
1733 silly CHANGE node_modules/is-data-view
1734 silly CHANGE node_modules/is-date-object
1735 silly CHANGE node_modules/is-async-function
1736 silly CHANGE node_modules/is-callable
1737 silly CHANGE node_modules/is-bun-module
1738 silly CHANGE node_modules/is-bun-module/node_modules/semver
1739 silly CHANGE node_modules/is-boolean-object
1740 silly CHANGE node_modules/is-bigint
1741 silly CHANGE node_modules/is-array-buffer
1742 silly CHANGE node_modules/internal-slot
1743 silly CHANGE node_modules/import-fresh
1744 silly CHANGE node_modules/imurmurhash
1745 silly CHANGE node_modules/ignore
1746 silly CHANGE node_modules/iceberg-js
1747 silly CHANGE node_modules/hermes-estree
1748 silly CHANGE node_modules/hermes-parser
1749 silly CHANGE node_modules/hasown
1750 silly CHANGE node_modules/has-tostringtag
1751 silly CHANGE node_modules/has-symbols
1752 silly CHANGE node_modules/has-property-descriptors
1753 silly CHANGE node_modules/has-proto
1754 silly CHANGE node_modules/has-flag
1755 silly CHANGE node_modules/has-bigints
1756 silly CHANGE node_modules/graceful-fs
1757 silly CHANGE node_modules/gopd
1758 silly CHANGE node_modules/globals
1759 silly CHANGE node_modules/globalthis
1760 silly CHANGE node_modules/glob-parent
1761 silly CHANGE node_modules/get-tsconfig
1762 silly CHANGE node_modules/get-symbol-description
1763 silly CHANGE node_modules/function-bind
1764 silly CHANGE node_modules/get-proto
1765 silly CHANGE node_modules/get-intrinsic
1766 silly CHANGE node_modules/gensync
1767 silly CHANGE node_modules/functions-have-names
1768 silly CHANGE node_modules/for-each
1769 silly CHANGE node_modules/generator-function
1770 silly CHANGE node_modules/function.prototype.name
1771 silly CHANGE node_modules/flatted
1772 silly CHANGE node_modules/flat-cache
1773 silly CHANGE node_modules/find-up
1774 silly CHANGE node_modules/fill-range
1775 silly CHANGE node_modules/file-entry-cache
1776 silly CHANGE node_modules/fast-levenshtein
1777 silly CHANGE node_modules/fastq
1778 silly CHANGE node_modules/fast-json-stable-stringify
1779 silly CHANGE node_modules/fast-glob
1780 silly CHANGE node_modules/fast-glob/node_modules/glob-parent
1781 silly CHANGE node_modules/esutils
1782 silly CHANGE node_modules/fast-deep-equal
1783 silly CHANGE node_modules/estraverse
1784 silly CHANGE node_modules/esrecurse
1785 silly CHANGE node_modules/esquery
1786 silly CHANGE node_modules/espree
1787 silly CHANGE node_modules/eslint-visitor-keys
1788 silly CHANGE node_modules/eslint-scope
1789 silly CHANGE node_modules/eslint-plugin-react-hooks
1790 silly CHANGE node_modules/eslint-plugin-react
1791 silly CHANGE node_modules/eslint-plugin-jsx-a11y
1792 silly CHANGE node_modules/eslint-plugin-import
1793 silly CHANGE node_modules/eslint-plugin-import/node_modules/debug
1794 silly CHANGE node_modules/eslint-module-utils
1795 silly CHANGE node_modules/eslint-module-utils/node_modules/debug
1796 silly CHANGE node_modules/eslint-import-resolver-typescript
1797 silly CHANGE node_modules/eslint-import-resolver-node
1798 silly CHANGE node_modules/eslint-import-resolver-node/node_modules/debug
1799 silly CHANGE node_modules/eslint-config-next
1800 silly CHANGE node_modules/eslint-config-next/node_modules/globals
1801 silly CHANGE node_modules/eslint
1802 silly CHANGE node_modules/escape-string-regexp
1803 silly CHANGE node_modules/es-shim-unscopables
1804 silly CHANGE node_modules/escalade
1805 silly CHANGE node_modules/es-set-tostringtag
1806 silly CHANGE node_modules/es-to-primitive
1807 silly CHANGE node_modules/es-define-property
1808 silly CHANGE node_modules/es-object-atoms
1809 silly CHANGE node_modules/es-iterator-helpers
1810 silly CHANGE node_modules/es-errors
1811 silly CHANGE node_modules/es-abstract
1812 silly CHANGE node_modules/emoji-regex
1813 silly CHANGE node_modules/enhanced-resolve
1814 silly CHANGE node_modules/dunder-proto
1815 silly CHANGE node_modules/electron-to-chromium
1816 silly CHANGE node_modules/doctrine
1817 silly CHANGE node_modules/detect-libc
1818 silly CHANGE node_modules/define-properties
1819 silly CHANGE node_modules/define-data-property
1820 silly CHANGE node_modules/deep-is
1821 silly CHANGE node_modules/debug
1822 silly CHANGE node_modules/data-view-byte-offset
1823 silly CHANGE node_modules/data-view-byte-length
1824 silly CHANGE node_modules/data-view-buffer
1825 silly CHANGE node_modules/damerau-levenshtein
1826 silly CHANGE node_modules/csstype
1827 silly CHANGE node_modules/convert-source-map
1828 silly CHANGE node_modules/cross-spawn
1829 silly CHANGE node_modules/concat-map
1830 silly CHANGE node_modules/color-name
1831 silly CHANGE node_modules/color-convert
1832 silly CHANGE node_modules/client-only
1833 silly CHANGE node_modules/chalk
1834 silly CHANGE node_modules/caniuse-lite
1835 silly CHANGE node_modules/callsites
1836 silly CHANGE node_modules/call-bind-apply-helpers
1837 silly CHANGE node_modules/call-bound
1838 silly CHANGE node_modules/call-bind
1839 silly CHANGE node_modules/browserslist
1840 silly CHANGE node_modules/braces
1841 silly CHANGE node_modules/brace-expansion
1842 silly CHANGE node_modules/baseline-browser-mapping
1843 silly CHANGE node_modules/balanced-match
1844 silly CHANGE node_modules/axobject-query
1845 silly CHANGE node_modules/axe-core
1846 silly CHANGE node_modules/array.prototype.flatmap
1847 silly CHANGE node_modules/available-typed-arrays
1848 silly CHANGE node_modules/ast-types-flow
1849 silly CHANGE node_modules/async-function
1850 silly CHANGE node_modules/arraybuffer.prototype.slice
1851 silly CHANGE node_modules/array.prototype.tosorted
1852 silly CHANGE node_modules/array.prototype.flat
1853 silly CHANGE node_modules/array.prototype.findlastindex
1854 silly CHANGE node_modules/array-includes
1855 silly CHANGE node_modules/array.prototype.findlast
1856 silly CHANGE node_modules/array-buffer-byte-length
1857 silly CHANGE node_modules/aria-query
1858 silly CHANGE node_modules/argparse
1859 silly CHANGE node_modules/ansi-styles
1860 silly CHANGE node_modules/ajv
1861 silly CHANGE node_modules/acorn-jsx
1862 silly CHANGE node_modules/acorn
1863 verbose cwd C:\Users\hye4e\Downloads\create-quize-main\create-quize-main
1864 verbose os Windows_NT 10.0.26200
1865 verbose node v24.15.0
1866 verbose npm  v11.12.1
1867 verbose exit 0
1868 info ok
